OBJECTID,Join_Count,TARGET_FID,Row_Labels,Average_of,Average__1,comm,ind,BUFF_DIST,ORIG_FID,OBJECTID_1,FACNAME,FACTYPE,ADDRESS_1,ADDRESS_2,CITY,STATE,ZIP,AREACODE,PHONE,CONTACT,TITLE,FIPS,TYPE,NAME,METHOD,updated,draw,GlobalID,last_edite,Shape_Length,Shape_Area
1,0,1,0,33.791660000000000,-84.430030000000002,0,1,200.000000000000000,0,1,,,,,,,,,,,,,,,,,,,,0.012472412401871,0.000012225398931
2,0,2,1,33.750940000000000,-84.393029999999996,1,0,200.000000000000000,1,2,,,,,,,,,,,,,,,,,,,,0.012469101888620,0.000012219697272
3,0,3,2,33.740139999999997,-84.313890000000001,0,0,200.000000000000000,2,3,,,,,,,,,,,,,,,,,,,,0.012468224985437,0.000012218186854
4,0,4,4,33.817670000000000,-84.366960000000006,0,1,200.000000000000000,3,4,,,,,,,,,,,,,,,,,,,,0.012474530335628,0.000012229046174
5,0,5,5,33.771239999999999,-84.388840000000002,1,0,200.000000000000000,4,5,,,,,,,,,,,,,,,,,,,,0.012470751334071,0.000012222538198
6,0,6,6,33.757120000000000,-84.384240000000005,1,0,200.000000000000000,5,6,,,,,,,,,,,,,,,,,,,,0.012469603500835,0.000012220561082
7,0,7,9,33.811000000000000,-84.412800000000004,0,0,200.000000000000000,6,7,,,,,,,,,,,,,,,,,,,,0.012473986901988,0.000012228110259
8,0,8,10,33.652870000000000,-84.397620000000003,0,1,200.000000000000000,7,8,,,,,,,,,,,,,,,,,,,,0.012461158399500,0.000012206013907
9,0,9,11,33.740270000000002,-84.349239999999995,0,0,200.000000000000000,8,9,,,,,,,,,,,,,,,,,,,,0.012468235784490,0.000012218205592
10,0,10,13,33.781770000000002,-84.368679999999998,0,1,200.000000000000000,9,10,,,,,,,,,,,,,,,,,,,,0.012471607596150,0.000012224012908
11,0,11,14,33.655380000000001,-84.512929999999997,0,0,200.000000000000000,10,11,,,,,,,,,,,,,,,,,,,,0.012461360934695,0.000012206362824
12,0,12,15,33.746899999999997,-84.383840000000006,0,0,200.000000000000000,11,12,,,,,,,,,,,,,,,,,,,,0.012468773884985,0.000012219132325
13,0,13,20,33.781509999999997,-84.389169999999993,0,0,200.000000000000000,12,13,,,,,,,,,,,,,,,,,,,,0.012471586294221,0.000012223976054
14,0,14,24,33.755560000000003,-84.384270000000001,1,0,200.000000000000000,13,14,,,,,,,,,,,,,,,,,,,,0.012469477005220,0.000012220343363
15,0,15,26,33.686369999999997,-84.491249999999994,0,0,200.000000000000000,14,15,,,,,,,,,,,,,,,,,,,,0.012463867406359,0.000012210680895
16,0,16,27,33.752070000000003,-84.392139999999998,1,0,200.000000000000000,15,16,,,,,,,,,,,,,,,,,,,,0.012469193478291,0.000012219854925
17,0,17,29,33.747320000000002,-84.314509999999999,0,0,200.000000000000000,16,17,,,,,,,,,,,,,,,,,,,,0.012468807891576,0.000012219190947
18,0,18,31,33.769100000000002,-84.352530000000002,0,0,200.000000000000000,17,18,,,,,,,,,,,,,,,,,,,,0.012470577352215,0.000012222238488
19,0,19,32,33.772779999999997,-84.425079999999994,0,1,200.000000000000000,18,19,,,,,,,,,,,,,,,,,,,,0.012470876474778,0.000012222753675
20,0,20,33,33.771090000000001,-84.359449999999995,0,0,200.000000000000000,19,20,,,,,,,,,,,,,,,,,,,,0.012470739003437,0.000012222516849
21,0,21,35,33.755490000000002,-84.374380000000002,0,0,200.000000000000000,20,21,,,,,,,,,,,,,,,,,,,,0.012469471093621,0.000012220333018
22,0,22,41,33.753639999999997,-84.472939999999994,0,1,200.000000000000000,21,22,,,,,,,,,,,,,,,,,,,,0.012469320917753,0.000012220074486
23,0,23,42,33.746279999999999,-84.406570000000002,1,0,200.000000000000000,22,23,,,,,,,,,,,,,,,,,,,,0.012468723474406,0.000012219045513
24,0,24,43,33.730400000000003,-84.387950000000004,0,0,200.000000000000000,23,24,,,,,,,,,,,,,,,,,,,,0.012467435013948,0.000012216826446
25,0,25,44,33.799010000000003,-84.370490000000004,0,0,200.000000000000000,24,25,,,,,,,,,,,,,,,,,,,,0.012473010368903,0.000012226428637
26,0,26,45,33.764859999999999,-84.332999999999998,0,0,200.000000000000000,25,26,,,,,,,,,,,,,,,,,,,,0.012470232656853,0.000012221644948
27,0,27,46,33.781509999999997,-84.397729999999996,0,0,200.000000000000000,26,27,,,,,,,,,,,,,,,,,,,,0.012471586219576,0.000012223975922
28,0,28,47,33.753120000000003,-84.387640000000005,1,0,200.000000000000000,27,28,,,,,,,,,,,,,,,,,,,,0.012469278891188,0.000012220002193
29,0,29,49,33.754440000000002,-84.389840000000007,1,0,200.000000000000000,28,29,,,,,,,,,,,,,,,,,,,,0.012469386262234,0.000012220187167
30,0,30,50,33.736840000000001,-84.387870000000007,0,0,200.000000000000000,29,30,,,,,,,,,,,,,,,,,,,,0.012467957219494,0.000012217725672
31,0,31,51,33.764270000000003,-84.397260000000003,1,1,200.000000000000000,30,31,,,,,,,,,,,,,,,,,,,,0.012470184788835,0.000012221562434
32,0,32,52,33.764960000000002,-84.349209999999999,0,0,200.000000000000000,31,32,,,,,,,,,,,,,,,,,,,,0.012470240600168,0.000012221658546
33,0,33,53,33.764659999999999,-84.390349999999998,1,0,200.000000000000000,32,33,,,,,,,,,,,,,,,,,,,,0.012470216436665,0.000012221616945
34,0,34,54,33.695580000000000,-84.527860000000004,0,0,200.000000000000000,33,34,,,,,,,,,,,,,,,,,,,,0.012464612876578,0.000012211965074
35,0,35,56,33.759670000000000,-84.384200000000007,1,0,200.000000000000000,34,35,,,,,,,,,,,,,,,,,,,,0.012469810741402,0.000012220918075
36,0,36,57,33.787779999999998,-84.411829999999995,0,1,200.000000000000000,35,36,,,,,,,,,,,,,,,,,,,,0.012472096654580,0.000012224855061
37,1,37,58,33.747430000000001,-84.331819999999993,0,0,200.000000000000000,36,37,Crim Open Campus High School,13,256 Clifton Street SE, ,Atlanta,Georgia,30317,404,802-5800,Dawn Parker,Principal,13089,"High School, Public",DeKalb,Photo,2017-06-28T00:00:00.000Z, ,{722E27AA-E83B-4F78-AF76-ACCF72DBBEA0},2017-06-28T18:44:52.000Z,0.012468816610042,0.000012219205844
38,0,38,59,33.762929999999997,-84.319820000000007,0,1,200.000000000000000,37,38,,,,,,,,,,,,,,,,,,,,0.012470076098732,0.000012221375288
39,0,39,60,33.786230000000003,-84.407290000000003,0,1,200.000000000000000,38,39,,,,,,,,,,,,,,,,,,,,0.012471970496716,0.000012224637893
40,0,40,61,33.760970000000000,-84.386039999999994,1,0,200.000000000000000,39,40,,,,,,,,,,,,,,,,,,,,0.012469916685670,0.000012221100769
41,0,41,63,33.750169999999997,-84.376679999999993,0,1,200.000000000000000,40,41,,,,,,,,,,,,,,,,,,,,0.012469039037224,0.000012219589006
42,0,42,66,33.696010000000001,-84.486230000000006,0,0,200.000000000000000,41,42,,,,,,,,,,,,,,,,,,,,0.012464647981708,0.000012212025642
43,0,43,70,33.747390000000003,-84.326300000000003,0,0,200.000000000000000,42,43,,,,,,,,,,,,,,,,,,,,0.012468813541047,0.000012219200689
44,0,44,71,33.786639999999998,-84.391949999999994,1,1,200.000000000000000,43,44,,,,,,,,,,,,,,,,,,,,0.012472003575208,0.000012224694972
45,0,45,72,33.762709999999998,-84.352699999999999,0,0,200.000000000000000,44,45,,,,,,,,,,,,,,,,,,,,0.012470058017938,0.000012221344004
46,0,46,73,33.779539999999997,-84.387280000000004,0,0,200.000000000000000,45,46,,,,,,,,,,,,,,,,,,,,0.012471426326810,0.000012223700739
47,1,47,75,33.747280000000003,-84.309749999999994,0,0,200.000000000000000,46,47,Charles R. Drew Charter JR & SR Academy,0,300 East Lake Boulevard SE, ,Atlanta,Georgia,30317,470,355-1200,Peter McKnight,High School Principal,13089, ,DeKalb,Photo,2017-06-28T00:00:00.000Z, ,{29BE86EA-FCC3-415B-B25C-DFAF70E2619F},2017-06-28T18:44:52.000Z,0.012468804483018,0.000012219185058
48,0,48,76,33.760280000000002,-84.348860000000002,1,0,200.000000000000000,47,48,,,,,,,,,,,,,,,,,,,,0.012469860318138,0.000012221003454
49,0,49,77,33.775880000000001,-84.407010000000000,0,1,200.000000000000000,48,49,,,,,,,,,,,,,,,,,,,,0.012471128297788,0.000012223187272
50,0,50,78,33.773890000000002,-84.391990000000007,0,0,200.000000000000000,49,50,,,,,,,,,,,,,,,,,,,,0.012470966563886,0.000012222908816
51,0,51,81,33.788519999999998,-84.428269999999998,0,1,200.000000000000000,50,51,,,,,,,,,,,,,,,,,,,,0.012472156663727,0.000012224958564
52,0,52,83,33.754399999999997,-84.379419999999996,1,0,200.000000000000000,51,52,,,,,,,,,,,,,,,,,,,,0.012469382808765,0.000012220181230
53,0,53,85,33.764600000000002,-84.396150000000006,1,0,200.000000000000000,52,53,,,,,,,,,,,,,,,,,,,,0.012470211659642,0.000012221608761
54,0,54,89,33.773809999999997,-84.402780000000007,0,1,200.000000000000000,53,54,,,,,,,,,,,,,,,,,,,,0.012470960153502,0.000012222897684
55,0,55,92,33.764000000000003,-84.388999999999996,1,0,200.000000000000000,54,55,,,,,,,,,,,,,,,,,,,,0.012470162584062,0.000012221524063
56,0,56,93,33.795879999999997,-84.367940000000004,0,0,200.000000000000000,55,56,,,,,,,,,,,,,,,,,,,,0.012472755567523,0.000012225989782
57,0,57,94,33.757140000000000,-84.386099999999999,1,0,200.000000000000000,56,57,,,,,,,,,,,,,,,,,,,,0.012469605227982,0.000012220564051
58,0,58,95,33.776899999999998,-84.392099999999999,0,0,200.000000000000000,57,58,,,,,,,,,,,,,,,,,,,,0.012471211606654,0.000012223331002
59,0,59,97,33.791020000000003,-84.355390000000000,0,0,200.000000000000000,58,59,,,,,,,,,,,,,,,,,,,,0.012472360033380,0.000012225308635
60,0,60,98,33.753880000000002,-84.388999999999996,1,0,200.000000000000000,59,60,,,,,,,,,,,,,,,,,,,,0.012469340476033,0.000012220108034
61,0,61,101,33.771279999999997,-84.381889999999999,1,0,200.000000000000000,60,61,,,,,,,,,,,,,,,,,,,,0.012470754657583,0.000012222543866
62,0,62,102,33.736829999999998,-84.393479999999997,0,0,200.000000000000000,61,62,,,,,,,,,,,,,,,,,,,,0.012467956287256,0.000012217724142
63,0,63,103,33.722020000000001,-84.393370000000004,0,1,200.000000000000000,62,63,,,,,,,,,,,,,,,,,,,,0.012466755285875,0.000012215655550
64,0,64,105,33.740670000000001,-84.417710000000000,1,0,200.000000000000000,63,64,,,,,,,,,,,,,,,,,,,,0.012468268186382,0.000012218261359
65,0,65,106,33.688049999999997,-84.489789999999999,0,0,200.000000000000000,64,65,,,,,,,,,,,,,,,,,,,,0.012464003234397,0.000012210914854
66,0,66,107,33.762259999999998,-84.389020000000002,1,0,200.000000000000000,65,66,,,,,,,,,,,,,,,,,,,,0.012470021412325,0.000012221280986
67,0,67,108,33.788449999999997,-84.383870000000002,0,0,200.000000000000000,66,67,,,,,,,,,,,,,,,,,,,,0.012472150933173,0.000012224948620
68,0,68,110,33.690629999999999,-84.511460000000000,0,0,200.000000000000000,67,68,,,,,,,,,,,,,,,,,,,,0.012464211843845,0.000012211274136
69,0,69,112,33.825609999999998,-84.352810000000005,0,0,200.000000000000000,68,69,,,,,,,,,,,,,,,,,,,,0.012475177238646,0.000012230159945
70,0,70,113,33.701529999999998,-84.429150000000007,0,1,200.000000000000000,69,70,,,,,,,,,,,,,,,,,,,,0.012465094561832,0.000012212794763
71,0,71,114,33.786580000000001,-84.383150000000001,0,0,200.000000000000000,70,71,,,,,,,,,,,,,,,,,,,,0.012471998818510,0.000012224686701
72,0,72,115,33.755560000000003,-84.386120000000005,1,0,200.000000000000000,71,72,,,,,,,,,,,,,,,,,,,,0.012469477143482,0.000012220343649
73,0,73,116,33.781559999999999,-84.407489999999996,0,1,200.000000000000000,72,73,,,,,,,,,,,,,,,,,,,,0.012471590506201,0.000012223983469
74,0,74,117,33.786189999999998,-84.398740000000004,1,0,200.000000000000000,73,74,,,,,,,,,,,,,,,,,,,,0.012471967081608,0.000012224631895
75,0,75,118,33.754489999999997,-84.384309999999999,1,0,200.000000000000000,74,75,,,,,,,,,,,,,,,,,,,,0.012469390049787,0.000012220193556
76,0,76,119,33.781529999999997,-84.390590000000003,1,0,200.000000000000000,75,76,,,,,,,,,,,,,,,,,,,,0.012471588156298,0.000012223979404
77,0,77,121,33.754449999999999,-84.386489999999995,1,0,200.000000000000000,76,77,,,,,,,,,,,,,,,,,,,,0.012469386960234,0.000012220188260
78,1,78,122,33.828640000000000,-84.387460000000004,0,0,200.000000000000000,77,78,Christ the King School,20,46 Peachtree Way NE, ,Atlanta,Georgia,30305,404,233-0383, ,Principal,13121,Private School,Fulton,GPS,2012-01-24T00:00:00.000Z, ,{61673051-5559-4EF9-90D9-0F1A273EA7D2},2016-02-03T18:33:42.000Z,0.012475424468265,0.000012230585854
79,0,79,124,33.773600000000002,-84.363709999999998,0,1,200.000000000000000,78,79,,,,,,,,,,,,,,,,,,,,0.012470942821637,0.000012222867862
80,0,80,126,33.753290000000000,-84.389470000000003,1,0,200.000000000000000,79,80,,,,,,,,,,,,,,,,,,,,0.012469292716534,0.000012220026005
81,0,81,127,33.775160000000000,-84.341549999999998,0,0,200.000000000000000,80,81,,,,,,,,,,,,,,,,,,,,0.012471069966025,0.000012223086940
82,1,82,128,33.745269999999998,-84.309740000000005,0,0,200.000000000000000,81,82,Charles R. Drew Charter JR & SR Academy,0,300 East Lake Boulevard SE, ,Atlanta,Georgia,30317,470,355-1200,Peter McKnight,High School Principal,13089, ,DeKalb,Photo,2017-06-28T00:00:00.000Z, ,{29BE86EA-FCC3-415B-B25C-DFAF70E2619F},2017-06-28T18:44:52.000Z,0.012468641392142,0.000012218904202
83,0,83,129,33.738070000000000,-84.394580000000005,0,0,200.000000000000000,82,83,,,,,,,,,,,,,,,,,,,,0.012468056963632,0.000012217897440
84,1,84,130,33.793599999999998,-84.500259999999997,0,0,200.000000000000000,83,84,West End Academy,0,1445 Maynard Road, ,Atlanta,Georgia,30331,404,802-2900,Evelyn Mobley,Principal,13121, ,Fulton,Photo,2017-06-29T00:00:00.000Z, ,{D739A5CA-E22F-4853-B93B-8171B083E659},2017-06-29T14:54:26.000Z,0.012472570309516,0.000012225670915
85,0,85,132,33.779519999999998,-84.382630000000006,0,0,200.000000000000000,84,85,,,,,,,,,,,,,,,,,,,,0.012471424791378,0.000012223698084
86,0,86,133,33.787579999999998,-84.406459999999996,1,1,200.000000000000000,85,86,,,,,,,,,,,,,,,,,,,,0.012472079894834,0.000012224826037
87,0,87,134,33.772820000000003,-84.341719999999995,0,0,200.000000000000000,86,87,,,,,,,,,,,,,,,,,,,,0.012470879836869,0.000012222759477
88,0,88,136,33.736870000000003,-84.390860000000004,0,0,200.000000000000000,87,88,,,,,,,,,,,,,,,,,,,,0.012467959737482,0.000012217730162
89,1,89,137,33.771349999999998,-84.396109999999993,1,1,200.000000000000000,88,89,Centennial Academy (Charter),0,531 Luckie Street, ,Atlanta,Georgia,30313,404,802-8550,Alison Shelton,Associate Head of Schools,13121, ,Fulton,Photo,2017-06-28T00:00:00.000Z, ,{FA57B8C1-B8E0-46B5-8C92-4E9C78AD61B3},2017-06-28T18:44:52.000Z,0.012470760208932,0.000012222553437
90,0,90,139,33.774239999999999,-84.402339999999995,0,1,200.000000000000000,89,90,,,,,,,,,,,,,,,,,,,,0.012470995012142,0.000012222957793
91,0,91,142,33.753920000000001,-84.496049999999997,0,0,200.000000000000000,90,91,,,,,,,,,,,,,,,,,,,,0.012469343802613,0.000012220113792
92,0,92,143,33.748100000000001,-84.349209999999999,0,0,200.000000000000000,91,92,,,,,,,,,,,,,,,,,,,,0.012468871320223,0.000012219300343
93,0,93,144,33.751880000000000,-84.467470000000006,1,0,200.000000000000000,92,93,,,,,,,,,,,,,,,,,,,,0.012469178242690,0.000012219828719
94,0,94,145,33.773499999999999,-84.367649999999998,0,1,200.000000000000000,93,94,,,,,,,,,,,,,,,,,,,,0.012470934781241,0.000012222853996
95,0,95,146,33.744459999999997,-84.398160000000004,1,1,200.000000000000000,94,95,,,,,,,,,,,,,,,,,,,,0.012468575838073,0.000012218791214
96,0,96,147,33.772550000000003,-84.377700000000004,0,0,200.000000000000000,95,96,,,,,,,,,,,,,,,,,,,,0.012470857514069,0.000012222720936
97,0,97,149,33.699359999999999,-84.429360000000003,0,1,200.000000000000000,96,97,,,,,,,,,,,,,,,,,,,,0.012464918729663,0.000012212491901
98,0,98,150,33.756940000000000,-84.349209999999999,1,0,200.000000000000000,97,98,,,,,,,,,,,,,,,,,,,,0.012469589404011,0.000012220536896
99,0,99,151,33.754379999999998,-84.378050000000002,1,0,200.000000000000000,98,99,,,,,,,,,,,,,,,,,,,,0.012469381371298,0.000012220178769
100,0,100,152,33.824159999999999,-84.407579999999996,0,0,200.000000000000000,99,100,,,,,,,,,,,,,,,,,,,,0.012475059304867,0.000012229956955
101,0,101,153,33.789920000000002,-84.496179999999995,0,1,200.000000000000000,100,101,,,,,,,,,,,,,,,,,,,,0.012472271058308,0.000012225155596
102,0,102,154,33.776319999999998,-84.473740000000006,0,0,200.000000000000000,101,102,,,,,,,,,,,,,,,,,,,,0.012471164568346,0.000012223249842
103,0,103,155,33.744570000000003,-84.394480000000001,1,0,200.000000000000000,102,103,,,,,,,,,,,,,,,,,,,,0.012468584613004,0.000012218806339
104,0,104,159,33.776840000000000,-84.388790000000000,0,0,200.000000000000000,103,104,,,,,,,,,,,,,,,,,,,,0.012471206814136,0.000012223322641
105,0,105,160,33.786639999999998,-84.387810000000002,0,0,200.000000000000000,104,105,,,,,,,,,,,,,,,,,,,,0.012472003856767,0.000012224695395
106,0,106,161,33.739500000000000,-84.295469999999995,0,0,200.000000000000000,105,106,,,,,,,,,,,,,,,,,,,,0.012468173259082,0.000012218097976
107,0,107,162,33.752389999999998,-84.395669999999996,1,0,200.000000000000000,106,107,,,,,,,,,,,,,,,,,,,,0.012469219496262,0.000012219899760
108,0,108,163,33.763620000000003,-84.470029999999994,0,0,200.000000000000000,107,108,,,,,,,,,,,,,,,,,,,,0.012470131921719,0.000012221471414
109,0,109,164,33.753520000000002,-84.363860000000003,0,1,200.000000000000000,108,109,,,,,,,,,,,,,,,,,,,,0.012469311489606,0.000012220058350
110,0,110,165,33.764870000000002,-84.341750000000005,0,0,200.000000000000000,109,110,,,,,,,,,,,,,,,,,,,,0.012470233301047,0.000012221645926
111,0,111,166,33.764029999999998,-84.390370000000004,1,0,200.000000000000000,110,111,,,,,,,,,,,,,,,,,,,,0.012470165549585,0.000012221529372
112,0,112,167,33.765459999999997,-84.349149999999995,0,0,200.000000000000000,111,112,,,,,,,,,,,,,,,,,,,,0.012470281763028,0.000012221729574
113,0,113,168,33.772419999999997,-84.383309999999994,0,0,200.000000000000000,112,113,,,,,,,,,,,,,,,,,,,,0.012470847384495,0.000012222703718
114,0,114,170,33.764650000000003,-84.388990000000007,1,0,200.000000000000000,113,114,,,,,,,,,,,,,,,,,,,,0.012470215656755,0.000012221615463
115,1,115,171,33.722140000000003,-84.464209999999994,0,0,200.000000000000000,114,115,Heavenly Institute of Learning (The),20,2257 Cascade Road,P.O. Box 11307,Atlanta,Georgia,30311,404,753-5297, ,Principal,13121,Private School,Fulton,GPS,2012-01-24T00:00:00.000Z, ,{CE603BE4-03D2-4372-B3A8-0D8B7338B7D7},2016-02-23T14:50:25.000Z,0.012466764587555,0.000012215671455
116,0,116,172,33.757599999999996,-84.367930000000001,0,0,200.000000000000000,115,116,,,,,,,,,,,,,,,,,,,,0.012469642725193,0.000012220628849
117,0,117,173,33.761339999999997,-84.396029999999996,1,0,200.000000000000000,116,117,,,,,,,,,,,,,,,,,,,,0.012469946792342,0.000012221152730
118,0,118,174,33.762470000000000,-84.319599999999994,0,1,200.000000000000000,117,118,,,,,,,,,,,,,,,,,,,,0.012470038316371,0.000012221309991
119,0,119,175,33.803690000000003,-84.407809999999998,0,0,200.000000000000000,118,119,,,,,,,,,,,,,,,,,,,,0.012473391471369,0.000012227084885
120,0,120,180,33.772500000000001,-84.381780000000006,0,0,200.000000000000000,119,120,,,,,,,,,,,,,,,,,,,,0.012470853703137,0.000012222714526
121,0,121,181,33.732109999999999,-84.413730000000001,0,0,200.000000000000000,120,121,,,,,,,,,,,,,,,,,,,,0.012467573483662,0.000012217064850
122,0,122,182,33.726439999999997,-84.418130000000005,0,1,200.000000000000000,121,122,,,,,,,,,,,,,,,,,,,,0.012467113479932,0.000012216272468
123,0,123,183,33.649970000000003,-84.392179999999996,0,1,200.000000000000000,122,123,,,,,,,,,,,,,,,,,,,,0.012460923987785,0.000012205610029
124,0,124,184,33.786650000000002,-84.389240000000001,0,0,200.000000000000000,123,124,,,,,,,,,,,,,,,,,,,,0.012472004497275,0.000012224696174
125,0,125,185,33.701259999999998,-84.479110000000006,0,0,200.000000000000000,124,125,,,,,,,,,,,,,,,,,,,,0.012465072867425,0.000012212757467
126,0,126,186,33.755429999999997,-84.391080000000002,1,0,200.000000000000000,125,126,,,,,,,,,,,,,,,,,,,,0.012469466259201,0.000012220324770
127,0,127,187,33.823369999999997,-84.351870000000005,0,1,200.000000000000000,126,127,,,,,,,,,,,,,,,,,,,,0.012474994982678,0.000012229846321
128,0,128,188,33.756990000000002,-84.392669999999995,1,0,200.000000000000000,127,128,,,,,,,,,,,,,,,,,,,,0.012469593203440,0.000012220543527
129,0,129,190,33.768270000000001,-84.358549999999994,0,0,200.000000000000000,128,129,,,,,,,,,,,,,,,,,,,,0.012470509839013,0.000012222122270
130,0,130,191,33.787260000000003,-84.493740000000003,0,1,200.000000000000000,129,130,,,,,,,,,,,,,,,,,,,,0.012472054368701,0.000012224782379
131,0,131,192,33.772239999999996,-84.384910000000005,0,0,200.000000000000000,130,131,,,,,,,,,,,,,,,,,,,,0.012470832362918,0.000012222677643
132,0,132,194,33.651380000000003,-84.394369999999995,0,1,200.000000000000000,131,132,,,,,,,,,,,,,,,,,,,,0.012461037852210,0.000012205806165
133,0,133,195,33.742170000000002,-84.408159999999995,0,1,200.000000000000000,132,133,,,,,,,,,,,,,,,,,,,,0.012468389774955,0.000012218470793
134,1,134,196,33.739950000000000,-84.332130000000006,0,0,200.000000000000000,133,134,Burgess-Peterson Academy,30,480 Clifton Street SE, ,Atlanta,Georgia,30316,404,802-3400,David A. White,Principal,13089,Elementary School,DeKalb,Photo,2017-06-28T00:00:00.000Z, ,{CA162AF6-0496-4681-902A-25385E8C18A7},2017-06-28T18:44:52.000Z,0.012468209664828,0.000012218160540
135,0,135,197,33.748719999999999,-84.508279999999999,0,0,200.000000000000000,134,135,,,,,,,,,,,,,,,,,,,,0.012468921705849,0.000012219387010
136,0,136,198,33.752420000000001,-84.349220000000003,0,0,200.000000000000000,135,136,,,,,,,,,,,,,,,,,,,,0.012469222061926,0.000012219904291
137,0,137,199,33.750700000000002,-84.373570000000001,0,1,200.000000000000000,136,137,,,,,,,,,,,,,,,,,,,,0.012469082179293,0.000012219663257
138,0,138,201,33.767370000000000,-84.387889999999999,1,0,200.000000000000000,137,138,,,,,,,,,,,,,,,,,,,,0.012470436712780,0.000012221996194
139,0,139,202,33.778250000000000,-84.397790000000001,0,0,200.000000000000000,138,139,,,,,,,,,,,,,,,,,,,,0.012471320654376,0.000012223518405
140,0,140,203,33.652270000000001,-84.394890000000004,0,1,200.000000000000000,139,140,,,,,,,,,,,,,,,,,,,,0.012461109983562,0.000012205930489
141,0,141,204,33.760990000000000,-84.387559999999993,1,0,200.000000000000000,140,141,,,,,,,,,,,,,,,,,,,,0.012469918654292,0.000012221104110
142,0,142,205,33.761800000000001,-84.341819999999998,0,1,200.000000000000000,141,142,,,,,,,,,,,,,,,,,,,,0.012469983742062,0.000012221216141
143,0,143,206,33.751750000000001,-84.396180000000001,1,0,200.000000000000000,142,143,,,,,,,,,,,,,,,,,,,,0.012469167684087,0.000012219810685
144,0,144,209,33.754539999999999,-84.398610000000005,1,0,200.000000000000000,143,144,,,,,,,,,,,,,,,,,,,,0.012469394208236,0.000012220200748
145,0,145,210,33.788220000000003,-84.367239999999995,0,0,200.000000000000000,144,145,,,,,,,,,,,,,,,,,,,,0.012472131715289,0.000012224915263
146,0,146,211,33.653089999999999,-84.367530000000002,0,1,200.000000000000000,145,146,,,,,,,,,,,,,,,,,,,,0.012461176214219,0.000012206044641
147,0,147,212,33.754280000000001,-84.368030000000005,1,0,200.000000000000000,146,147,,,,,,,,,,,,,,,,,,,,0.012469373363473,0.000012220165030
148,0,148,214,33.831099999999999,-84.426980000000000,0,0,200.000000000000000,147,148,,,,,,,,,,,,,,,,,,,,0.012475625258300,0.000012230931554
149,0,149,215,33.785690000000002,-84.367450000000005,0,0,200.000000000000000,148,149,,,,,,,,,,,,,,,,,,,,0.012471926415768,0.000012224561950
150,0,150,216,33.759700000000002,-84.387609999999995,1,0,200.000000000000000,149,150,,,,,,,,,,,,,,,,,,,,0.012469813601565,0.000012220923067
151,0,151,217,33.749229999999997,-84.392750000000007,1,0,200.000000000000000,150,151,,,,,,,,,,,,,,,,,,,,0.012468962768520,0.000012219457566
152,0,152,218,33.753480000000003,-84.385310000000004,1,0,200.000000000000000,151,152,,,,,,,,,,,,,,,,,,,,0.012469308224380,0.000012220052751
153,0,153,219,33.771290000000000,-84.392049999999998,1,0,200.000000000000000,152,153,,,,,,,,,,,,,,,,,,,,0.012470755206288,0.000012222544777
154,0,154,220,33.755920000000003,-84.391589999999994,1,0,200.000000000000000,153,154,,,,,,,,,,,,,,,,,,,,0.012469506113015,0.000012220393337
155,0,155,221,33.747190000000003,-84.302660000000003,0,0,200.000000000000000,154,155,,,,,,,,,,,,,,,,,,,,0.012468797594547,0.000012219173193
156,0,156,222,33.787579999999998,-84.355369999999994,0,0,200.000000000000000,155,156,,,,,,,,,,,,,,,,,,,,0.012472079864876,0.000012224825973
157,0,157,223,33.742620000000002,-84.409840000000003,0,1,200.000000000000000,156,157,,,,,,,,,,,,,,,,,,,,0.012468426382416,0.000012218533856
158,0,158,224,33.762210000000003,-84.384159999999994,1,0,200.000000000000000,157,158,,,,,,,,,,,,,,,,,,,,0.012470017128743,0.000012221273538
159,0,159,225,33.781579999999998,-84.411150000000006,0,1,200.000000000000000,158,159,,,,,,,,,,,,,,,,,,,,0.012471592352274,0.000012223986668
160,0,160,226,33.784300000000002,-84.382239999999996,0,0,200.000000000000000,159,160,,,,,,,,,,,,,,,,,,,,0.012471813131748,0.000012224366804
161,0,161,227,33.651550000000000,-84.394620000000003,0,1,200.000000000000000,160,161,,,,,,,,,,,,,,,,,,,,0.012461051885519,0.000012205830412
162,0,162,228,33.776930000000000,-84.393640000000005,0,0,200.000000000000000,161,162,,,,,,,,,,,,,,,,,,,,0.012471213900921,0.000012223334800
163,0,163,229,33.791780000000003,-84.390709999999999,1,0,200.000000000000000,162,163,,,,,,,,,,,,,,,,,,,,0.012472422205314,0.000012225415861
164,0,164,230,33.760170000000002,-84.372060000000005,1,0,200.000000000000000,163,164,,,,,,,,,,,,,,,,,,,,0.012469851721755,0.000012220988857
165,0,165,231,33.786439999999999,-84.492310000000003,0,0,200.000000000000000,164,165,,,,,,,,,,,,,,,,,,,,0.012471987488246,0.000012224667124
166,0,166,232,33.773370000000000,-84.365700000000004,0,1,200.000000000000000,165,166,,,,,,,,,,,,,,,,,,,,0.012470924618193,0.000012222836679
167,0,167,233,33.746949999999998,-84.394419999999997,1,0,200.000000000000000,166,167,,,,,,,,,,,,,,,,,,,,0.012468778006950,0.000012219139429
168,0,168,234,33.769629999999999,-84.388880000000000,1,0,200.000000000000000,167,168,,,,,,,,,,,,,,,,,,,,0.012470620534654,0.000012222313031
169,0,169,235,33.790669999999999,-84.385170000000002,0,0,200.000000000000000,168,169,,,,,,,,,,,,,,,,,,,,0.012472331586990,0.000012225259618
170,0,170,238,33.791939999999997,-84.390460000000004,1,0,200.000000000000000,169,170,,,,,,,,,,,,,,,,,,,,0.012472434673455,0.000012225437061
171,0,171,239,33.812420000000003,-84.472669999999994,0,0,200.000000000000000,170,171,,,,,,,,,,,,,,,,,,,,0.012474102744684,0.000012228309910
172,0,172,242,33.747050000000002,-84.292040000000000,0,0,200.000000000000000,171,172,,,,,,,,,,,,,,,,,,,,0.012468785871202,0.000012219152940
173,0,173,243,33.791809999999998,-84.389380000000003,0,0,200.000000000000000,172,173,,,,,,,,,,,,,,,,,,,,0.012472423992244,0.000012225418666
174,0,174,244,33.779649999999997,-84.410240000000002,0,1,200.000000000000000,173,174,,,,,,,,,,,,,,,,,,,,0.012471435080148,0.000012223715762
175,0,175,245,33.781179999999999,-84.368859999999998,0,1,200.000000000000000,174,175,,,,,,,,,,,,,,,,,,,,0.012471559482178,0.000012223930008
176,0,176,246,33.775419999999997,-84.352500000000006,0,0,200.000000000000000,175,176,,,,,,,,,,,,,,,,,,,,0.012471091123261,0.000012223123315
177,0,177,248,33.773809999999997,-84.359960000000001,0,0,200.000000000000000,176,177,,,,,,,,,,,,,,,,,,,,0.012470960127074,0.000012222897633
178,0,178,249,33.750599999999999,-84.397090000000006,1,0,200.000000000000000,177,178,,,,,,,,,,,,,,,,,,,,0.012469074298357,0.000012219649820
179,0,179,251,33.747419999999998,-84.328569999999999,0,0,200.000000000000000,178,179,,,,,,,,,,,,,,,,,,,,0.012468816170859,0.000012219205226
180,0,180,253,33.792090000000002,-84.389189999999999,0,0,200.000000000000000,179,180,,,,,,,,,,,,,,,,,,,,0.012472447533523,0.000012225459495
181,0,181,254,33.760990000000000,-84.389049999999997,1,0,200.000000000000000,180,181,,,,,,,,,,,,,,,,,,,,0.012469918543553,0.000012221103954
182,0,182,255,33.747430000000001,-84.333250000000007,0,0,200.000000000000000,181,182,,,,,,,,,,,,,,,,,,,,0.012468816832381,0.000012219206255
183,0,183,257,33.746929999999999,-84.390919999999994,1,0,200.000000000000000,182,183,,,,,,,,,,,,,,,,,,,,0.012468776440025,0.000012219136821
184,0,184,259,33.748019999999997,-84.387709999999998,1,0,200.000000000000000,183,184,,,,,,,,,,,,,,,,,,,,0.012468864867871,0.000012219289097
185,0,185,261,33.747619999999998,-84.349209999999999,0,0,200.000000000000000,184,185,,,,,,,,,,,,,,,,,,,,0.012468832471177,0.000012219233271
186,0,186,262,33.738230000000001,-84.412840000000003,0,0,200.000000000000000,185,186,,,,,,,,,,,,,,,,,,,,0.012468070230015,0.000012217920504
187,0,187,264,33.751489999999997,-84.371070000000003,1,1,200.000000000000000,186,187,,,,,,,,,,,,,,,,,,,,0.012469146505468,0.000012219774124
188,0,188,266,33.759720000000002,-84.390569999999997,1,0,200.000000000000000,187,188,,,,,,,,,,,,,,,,,,,,0.012469814990850,0.000012220925424
189,0,189,267,33.741940000000000,-84.394509999999997,0,0,200.000000000000000,188,189,,,,,,,,,,,,,,,,,,,,0.012468371212898,0.000012218438864
190,0,190,269,33.690150000000003,-84.506249999999994,0,0,200.000000000000000,189,190,,,,,,,,,,,,,,,,,,,,0.012464173423613,0.000012211208108
191,0,191,270,33.797089999999997,-84.368989999999997,0,0,200.000000000000000,190,191,,,,,,,,,,,,,,,,,,,,0.012472854530051,0.000012226160306
192,0,192,271,33.773119999999999,-84.515039999999999,0,1,200.000000000000000,191,192,,,,,,,,,,,,,,,,,,,,0.012470903876103,0.000012222800892
193,0,193,272,33.776809999999998,-84.387299999999996,0,0,200.000000000000000,192,193,,,,,,,,,,,,,,,,,,,,0.012471204316764,0.000012223318321
194,0,194,274,33.791890000000002,-84.389080000000007,0,0,200.000000000000000,193,194,,,,,,,,,,,,,,,,,,,,0.012472430665259,0.000012225430124
195,0,195,275,33.761360000000003,-84.372029999999995,1,0,200.000000000000000,194,195,,,,,,,,,,,,,,,,,,,,0.012469948788726,0.000012221156038
196,0,196,278,33.771290000000000,-84.390720000000002,1,0,200.000000000000000,195,196,,,,,,,,,,,,,,,,,,,,0.012470755248249,0.000012222544776
197,1,197,280,33.780540000000002,-84.369069999999994,0,1,200.000000000000000,196,197,Henry W. Grady High School,13,929 Charles Allen Drive NE, ,Atlanta,Georgia,30309,404,802-3000,Betsy Bockman,Principal,13121,"High School, Public",Fulton,GPS,2017-06-28T00:00:00.000Z, ,{7E722A46-534E-40E2-8A5A-D729EFE968B0},2017-06-28T19:13:45.000Z,0.012471507216710,0.000012223839926
198,0,198,281,33.753740000000001,-84.495990000000006,0,0,200.000000000000000,197,198,,,,,,,,,,,,,,,,,,,,0.012469329267523,0.000012220088896
199,0,199,282,33.773150000000001,-84.372820000000004,0,0,200.000000000000000,198,199,,,,,,,,,,,,,,,,,,,,0.012470906610066,0.000012222805534
200,0,200,283,33.781779999999998,-84.380470000000003,0,0,200.000000000000000,199,200,,,,,,,,,,,,,,,,,,,,0.012471608231380,0.000012224013842
201,0,201,284,33.740620000000000,-84.414069999999995,1,0,200.000000000000000,200,201,,,,,,,,,,,,,,,,,,,,0.012468264109592,0.000012218254344
202,0,202,285,33.779490000000003,-84.369410000000002,0,0,200.000000000000000,201,202,,,,,,,,,,,,,,,,,,,,0.012471421719416,0.000012223692524
203,0,203,286,33.751420000000003,-84.390960000000007,1,0,200.000000000000000,202,203,,,,,,,,,,,,,,,,,,,,0.012469141004824,0.000012219764709
204,0,204,287,33.731909999999999,-84.413309999999996,0,0,200.000000000000000,203,204,,,,,,,,,,,,,,,,,,,,0.012467557268974,0.000012217036989
205,0,205,288,33.771279999999997,-84.383439999999993,1,0,200.000000000000000,204,205,,,,,,,,,,,,,,,,,,,,0.012470754639462,0.000012222543861
206,0,206,291,33.801839999999999,-84.372299999999996,0,0,200.000000000000000,205,206,,,,,,,,,,,,,,,,,,,,0.012473240684740,0.000012226825346
207,0,207,292,33.762189999999997,-84.382120000000000,1,0,200.000000000000000,206,207,,,,,,,,,,,,,,,,,,,,0.012470015521912,0.000012221270899
208,1,208,294,33.757660000000001,-84.372110000000006,0,0,200.000000000000000,207,208,Hope-Hill Elementary School,30,112 Boulevard NE, ,Atlanta,Georgia,30312,404,802-7450,Maureen T. Wheeler,Principal,13121,Elementary School,Fulton,Geocode,2017-06-29T00:00:00.000Z, ,{CFF5A6F4-BF68-4F52-B1FF-2265B09535E5},2017-06-29T14:54:26.000Z,0.012469647665528,0.000012220637300
209,0,209,295,33.749850000000002,-84.393889999999999,1,0,200.000000000000000,208,209,,,,,,,,,,,,,,,,,,,,0.012469013630251,0.000012219545397
210,0,210,296,33.781720000000000,-84.384010000000004,0,0,200.000000000000000,209,210,,,,,,,,,,,,,,,,,,,,0.012471603338635,0.000012224005383
211,0,211,298,33.782380000000003,-84.354330000000004,0,0,200.000000000000000,210,211,,,,,,,,,,,,,,,,,,,,0.012471657245291,0.000012224098287
212,0,212,299,33.785800000000002,-84.411659999999998,0,1,200.000000000000000,211,212,,,,,,,,,,,,,,,,,,,,0.012471935442906,0.000012224577537
213,0,213,300,33.801360000000003,-84.407809999999998,0,0,200.000000000000000,212,213,,,,,,,,,,,,,,,,,,,,0.012473201483687,0.000012226757602
214,1,214,301,33.746879999999997,-84.381519999999995,0,0,200.000000000000000,213,214,Wesley International Academy,30,211 Memorial Drive SE, ,Atlanta,Georgia,30312,678,904-9137,Jason Marshall,Executive Director,13121,Elementary School,Fulton,Geocode,2017-06-28T00:00:00.000Z, ,{F58710A2-E983-494B-AD71-525DEE0E3E0D},2017-06-28T19:17:36.000Z,0.012468772358059,0.000012219129751
215,1,215,302,33.774709999999999,-84.345060000000004,0,0,200.000000000000000,214,215,Springdale Park Elementary School,30,1246 Ponce De Leon Avenue NE, ,Atlanta,Georgia,30306,404,802-6050,Terry Harness,Principal,13089,Elementary School,DeKalb,Photo,2017-06-28T00:00:00.000Z, ,{EB47D629-2802-4CE4-AD8C-795311F420A3},2017-06-28T19:13:45.000Z,0.012471033451082,0.000012223024160
216,0,216,304,33.767809999999997,-84.391890000000004,1,0,200.000000000000000,215,216,,,,,,,,,,,,,,,,,,,,0.012470472368023,0.000012222057694
217,0,217,305,33.755879999999998,-84.469880000000003,1,0,200.000000000000000,216,217,,,,,,,,,,,,,,,,,,,,0.012469502825989,0.000012220387686
218,0,218,307,33.772430000000000,-84.388840000000002,0,0,200.000000000000000,217,218,,,,,,,,,,,,,,,,,,,,0.012470848051392,0.000012222704686
219,0,219,308,33.736840000000001,-84.394599999999997,0,0,200.000000000000000,218,219,,,,,,,,,,,,,,,,,,,,0.012467957251031,0.000012217725775
220,0,220,309,33.765320000000003,-84.391900000000007,1,0,200.000000000000000,219,220,,,,,,,,,,,,,,,,,,,,0.012470270199959,0.000012221709490
221,1,221,311,33.767400000000002,-84.385379999999998,1,0,200.000000000000000,220,221,St. Luke Learning Center,13,419 Peachtree Street NE, ,Atlanta,Georgia,30308,404,872-7378,Lucille Melver,Principal,13121,Private School,Fulton,GPS,2012-01-19T00:00:00.000Z, ,{17991A50-9295-48A2-8240-D79EA717DFA1},2016-02-23T16:46:04.000Z,0.012470439199628,0.000012222000624
222,0,222,312,33.772320000000001,-84.387349999999998,0,0,200.000000000000000,221,222,,,,,,,,,,,,,,,,,,,,0.012470838982160,0.000012222689093
223,0,223,313,33.764629999999997,-84.391930000000002,1,0,200.000000000000000,222,223,,,,,,,,,,,,,,,,,,,,0.012470213925064,0.000012221612493
224,0,224,314,33.650129999999997,-84.392110000000002,0,1,200.000000000000000,223,224,,,,,,,,,,,,,,,,,,,,0.012460937303836,0.000012205633118
225,0,225,315,33.753160000000001,-84.391279999999995,1,0,200.000000000000000,224,225,,,,,,,,,,,,,,,,,,,,0.012469282166349,0.000012220007872
226,0,226,316,33.787070000000000,-84.407529999999994,1,1,200.000000000000000,225,226,,,,,,,,,,,,,,,,,,,,0.012472038353506,0.000012224754639
227,0,227,317,33.756450000000001,-84.392129999999995,1,0,200.000000000000000,226,227,,,,,,,,,,,,,,,,,,,,0.012469549485779,0.000012220468169
228,0,228,318,33.738830000000000,-84.433539999999994,0,1,200.000000000000000,227,228,,,,,,,,,,,,,,,,,,,,0.012468118678102,0.000012218003930
229,0,229,319,33.740749999999998,-84.394540000000006,0,0,200.000000000000000,228,229,,,,,,,,,,,,,,,,,,,,0.012468274299823,0.000012218271803
230,0,230,320,33.786330000000000,-84.427859999999995,0,1,200.000000000000000,229,230,,,,,,,,,,,,,,,,,,,,0.012471978938384,0.000012224652541
231,0,231,322,33.738230000000001,-84.414079999999998,0,0,200.000000000000000,230,231,,,,,,,,,,,,,,,,,,,,0.012468070148637,0.000012217920340
232,0,232,324,33.773200000000003,-84.408890000000000,0,1,200.000000000000000,231,232,,,,,,,,,,,,,,,,,,,,0.012470910597025,0.000012222812483
233,0,233,326,33.696030000000000,-84.535190000000000,0,0,200.000000000000000,232,233,,,,,,,,,,,,,,,,,,,,0.012464649590723,0.000012212028466
234,0,234,327,33.751800000000003,-84.383039999999994,1,0,200.000000000000000,233,234,,,,,,,,,,,,,,,,,,,,0.012469171631216,0.000012219817285
235,0,235,328,33.720230000000001,-84.480490000000003,0,0,200.000000000000000,234,235,,,,,,,,,,,,,,,,,,,,0.012466610179564,0.000012215405574
236,0,236,329,33.786499999999997,-84.382159999999999,0,0,200.000000000000000,235,236,,,,,,,,,,,,,,,,,,,,0.012471992342240,0.000012224675401
237,0,237,330,33.776330000000002,-84.387309999999999,0,0,200.000000000000000,236,237,,,,,,,,,,,,,,,,,,,,0.012471164857446,0.000012223250180
238,0,238,331,33.800469999999997,-84.415959999999998,0,0,200.000000000000000,237,238,,,,,,,,,,,,,,,,,,,,0.012473129411979,0.000012226633679
239,0,239,332,33.771290000000000,-84.385019999999997,1,0,200.000000000000000,238,239,,,,,,,,,,,,,,,,,,,,0.012470755229926,0.000012222544845
240,0,240,333,33.763959999999997,-84.371960000000001,0,0,200.000000000000000,239,240,,,,,,,,,,,,,,,,,,,,0.012470159524501,0.000012221518864
241,0,241,335,33.799610000000001,-84.416020000000003,0,1,200.000000000000000,240,241,,,,,,,,,,,,,,,,,,,,0.012473059448103,0.000012226513291
242,0,242,336,33.739699999999999,-84.322090000000003,0,0,200.000000000000000,241,242,,,,,,,,,,,,,,,,,,,,0.012468189339593,0.000012218125571
243,0,243,337,33.791220000000003,-84.395099999999999,1,0,200.000000000000000,242,243,,,,,,,,,,,,,,,,,,,,0.012472376252573,0.000012225336545
244,0,244,338,33.754359999999998,-84.374390000000005,0,0,200.000000000000000,243,244,,,,,,,,,,,,,,,,,,,,0.012469379412084,0.000012220175311
245,0,245,339,33.689610000000002,-84.489069999999998,0,0,200.000000000000000,244,245,,,,,,,,,,,,,,,,,,,,0.012464129755149,0.000012211132877
246,1,246,341,33.801240000000000,-84.367509999999996,0,0,200.000000000000000,245,246,Heritage Preparatory School of GA,20,1700 Piedmont Ave NE, ,Atlanta,Georgia,30324,404,815-7711, ,Principal,13089,Private School,DeKalb,Photo,2012-01-11T00:00:00.000Z, ,{56C9EA78-84D0-4E0A-9A6A-944EF8460057},2016-02-03T19:49:11.000Z,0.012473191971474,0.000012226741452
247,0,247,342,33.789619999999999,-84.402749999999997,1,0,200.000000000000000,246,247,,,,,,,,,,,,,,,,,,,,0.012472245891187,0.000012225111971
248,0,248,343,33.761319999999998,-84.367840000000001,0,0,200.000000000000000,247,248,,,,,,,,,,,,,,,,,,,,0.012469944959501,0.000012221149457
249,0,249,344,33.656640000000003,-84.520730000000000,0,1,200.000000000000000,248,249,,,,,,,,,,,,,,,,,,,,0.012461463190013,0.000012206539092
250,0,250,345,33.718200000000003,-84.425200000000004,0,1,200.000000000000000,249,250,,,,,,,,,,,,,,,,,,,,0.012466445570271,0.000012215122037
251,0,251,346,33.820639999999997,-84.367549999999994,0,0,200.000000000000000,250,251,,,,,,,,,,,,,,,,,,,,0.012474772645852,0.000012229463401
252,0,252,347,33.764800000000001,-84.387519999999995,1,0,200.000000000000000,251,252,,,,,,,,,,,,,,,,,,,,0.012470227497655,0.000012221635926
253,0,253,348,33.771079999999998,-84.348979999999997,0,0,200.000000000000000,252,253,,,,,,,,,,,,,,,,,,,,0.012470738157219,0.000012222515433
254,0,254,349,33.754610000000000,-84.402810000000002,1,0,200.000000000000000,253,254,,,,,,,,,,,,,,,,,,,,0.012469399974879,0.000012220210791
255,0,255,350,33.761530000000000,-84.358029999999999,0,0,200.000000000000000,254,255,,,,,,,,,,,,,,,,,,,,0.012469961761765,0.000012221178126
256,1,256,352,33.769979999999997,-84.349029999999999,0,0,200.000000000000000,255,256,Light of the World Christian Academy,0,542 Moreland Ave SE, ,Atlanta,Georgia,30307,404,635-1199, , , ,Private School,FULTON, , , ,{EFA939E8-E86C-42DC-905D-F2CAB34CAF73},2016-02-23T15:24:17.000Z,0.012470649115321,0.000012222362266
257,0,257,355,33.754620000000003,-84.364130000000003,0,1,200.000000000000000,256,257,,,,,,,,,,,,,,,,,,,,0.012469400696943,0.000012220211859
258,0,258,356,33.653700000000001,-84.399320000000003,0,1,200.000000000000000,257,258,,,,,,,,,,,,,,,,,,,,0.012461225191281,0.000012206129059
259,0,259,358,33.750619999999998,-84.384230000000002,1,0,200.000000000000000,258,259,,,,,,,,,,,,,,,,,,,,0.012469075790900,0.000012219652340
260,0,260,359,33.751370000000001,-84.490499999999997,0,0,200.000000000000000,259,260,,,,,,,,,,,,,,,,,,,,0.012469136537008,0.000012219756931
261,0,261,361,33.751620000000003,-84.292230000000004,0,0,200.000000000000000,260,261,,,,,,,,,,,,,,,,,,,,0.012469157190314,0.000012219792630
262,1,262,362,33.768880000000003,-84.396090000000001,1,0,200.000000000000000,261,262,Centennial Academy (Charter),0,531 Luckie Street, ,Atlanta,Georgia,30313,404,802-8550,Alison Shelton,Associate Head of Schools,13121, ,Fulton,Photo,2017-06-28T00:00:00.000Z, ,{FA57B8C1-B8E0-46B5-8C92-4E9C78AD61B3},2017-06-28T18:44:52.000Z,0.012470559077305,0.000012222206923
263,0,263,363,33.773660000000000,-84.370959999999997,0,0,200.000000000000000,262,263,,,,,,,,,,,,,,,,,,,,0.012470947940760,0.000012222876768
264,0,264,364,33.771079999999998,-84.352519999999998,0,0,200.000000000000000,263,264,,,,,,,,,,,,,,,,,,,,0.012470738027045,0.000012222515235
265,0,265,365,33.741819999999997,-84.414060000000006,1,0,200.000000000000000,264,265,,,,,,,,,,,,,,,,,,,,0.012468361742281,0.000012218422631
266,0,266,366,33.692580000000000,-84.490589999999997,0,0,200.000000000000000,265,266,,,,,,,,,,,,,,,,,,,,0.012464369942034,0.000012211546598
267,0,267,367,33.756270000000001,-84.388540000000006,1,0,200.000000000000000,266,267,,,,,,,,,,,,,,,,,,,,0.012469534715068,0.000012220442730
268,0,268,368,33.769779999999997,-84.387439999999998,1,0,200.000000000000000,267,268,,,,,,,,,,,,,,,,,,,,0.012470632871362,0.000012222334189
269,0,269,369,33.753540000000001,-84.394769999999994,1,0,200.000000000000000,268,269,,,,,,,,,,,,,,,,,,,,0.012469313226924,0.000012220061327
270,0,270,372,33.681130000000003,-84.397869999999998,0,0,200.000000000000000,269,270,,,,,,,,,,,,,,,,,,,,0.012463443434673,0.000012209950557
271,1,271,374,33.722589999999997,-84.464200000000005,0,0,200.000000000000000,270,271,Heavenly Institute of Learning (The),20,2257 Cascade Road,P.O. Box 11307,Atlanta,Georgia,30311,404,753-5297, ,Principal,13121,Private School,Fulton,GPS,2012-01-24T00:00:00.000Z, ,{CE603BE4-03D2-4372-B3A8-0D8B7338B7D7},2016-02-23T14:50:25.000Z,0.012466801331346,0.000012215734720
272,0,272,375,33.760939999999998,-84.384180000000001,1,0,200.000000000000000,271,272,,,,,,,,,,,,,,,,,,,,0.012469913868292,0.000012221095630
273,1,273,376,33.781790000000001,-84.372820000000004,0,0,200.000000000000000,272,273,Henry W. Grady High School,13,929 Charles Allen Drive NE, ,Atlanta,Georgia,30309,404,802-3000,Betsy Bockman,Principal,13121,"High School, Public",Fulton,GPS,2017-06-28T00:00:00.000Z, ,{7E722A46-534E-40E2-8A5A-D729EFE968B0},2017-06-28T19:13:45.000Z,0.012471609054026,0.000012224015397
274,0,274,377,33.764569999999999,-84.350279999999998,0,0,200.000000000000000,273,274,,,,,,,,,,,,,,,,,,,,0.012470209065078,0.000012221604170
275,0,275,378,33.747889999999998,-84.383840000000006,1,0,200.000000000000000,274,275,,,,,,,,,,,,,,,,,,,,0.012468854395976,0.000012219271055
276,0,276,380,33.722000000000001,-84.394229999999993,0,1,200.000000000000000,275,276,,,,,,,,,,,,,,,,,,,,0.012466753705356,0.000012215652817
277,0,277,381,33.781750000000002,-84.382499999999993,0,0,200.000000000000000,276,277,,,,,,,,,,,,,,,,,,,,0.012471605653395,0.000012224009481
278,0,278,382,33.741970000000002,-84.398229999999998,0,0,200.000000000000000,277,278,,,,,,,,,,,,,,,,,,,,0.012468373730185,0.000012218443315
279,0,279,383,33.759349999999998,-84.372090000000000,1,0,200.000000000000000,278,279,,,,,,,,,,,,,,,,,,,,0.012469784893305,0.000012220873541
280,0,280,384,33.751080000000002,-84.309709999999995,0,0,200.000000000000000,279,280,,,,,,,,,,,,,,,,,,,,0.012469112975624,0.000012219716338
281,0,281,386,33.758440000000000,-84.387630000000001,1,0,200.000000000000000,280,281,,,,,,,,,,,,,,,,,,,,0.012469710628638,0.000012220745702
282,1,282,387,33.754309999999997,-84.372150000000005,1,0,200.000000000000000,281,282,Our Lady of Lourdes Catholic School,20,29 Boulevard NE, ,Atlanta,Georgia,30312,404,522-6776, ,Principal,13121,Private School,Fulton,GPS,2012-01-24T00:00:00.000Z, ,{95E83992-271A-4292-BF15-EF0F52E57441},2016-02-09T15:55:42.000Z,0.012469375392101,0.000012220168201
283,0,283,388,33.751469999999998,-84.385379999999998,1,0,200.000000000000000,282,283,,,,,,,,,,,,,,,,,,,,0.012469144917177,0.000012219771367
284,0,284,389,33.754449999999999,-84.382300000000001,1,0,200.000000000000000,283,284,,,,,,,,,,,,,,,,,,,,0.012469386866049,0.000012220188099
285,0,285,390,33.743319999999997,-84.349209999999999,0,0,200.000000000000000,284,285,,,,,,,,,,,,,,,,,,,,0.012468482909891,0.000012218631101
286,0,286,391,33.787149999999997,-84.407409999999999,1,1,200.000000000000000,285,286,,,,,,,,,,,,,,,,,,,,0.012472045181146,0.000012224766439
287,0,287,392,33.825369999999999,-84.360529999999997,0,0,200.000000000000000,286,287,,,,,,,,,,,,,,,,,,,,0.012475158068724,0.000012230127142
288,0,288,393,33.758380000000002,-84.382210000000001,1,0,200.000000000000000,287,288,,,,,,,,,,,,,,,,,,,,0.012469706231914,0.000012220738155
289,0,289,394,33.752899999999997,-84.494039999999998,0,0,200.000000000000000,288,289,,,,,,,,,,,,,,,,,,,,0.012469260765913,0.000012219970895
290,0,290,396,33.757910000000003,-84.393519999999995,1,0,200.000000000000000,289,290,,,,,,,,,,,,,,,,,,,,0.012469668168877,0.000012220672715
291,0,291,398,33.749769999999998,-84.379530000000003,0,1,200.000000000000000,290,291,,,,,,,,,,,,,,,,,,,,0.012469006995183,0.000012219534022
292,0,292,399,33.744779999999999,-84.290999999999997,0,0,200.000000000000000,291,292,,,,,,,,,,,,,,,,,,,,0.012468601975940,0.000012218836331
293,0,293,400,33.773690000000002,-84.330870000000004,0,0,200.000000000000000,292,293,,,,,,,,,,,,,,,,,,,,0.012470950203987,0.000012222880641
294,0,294,401,33.746899999999997,-84.387709999999998,1,0,200.000000000000000,293,294,,,,,,,,,,,,,,,,,,,,0.012468773922350,0.000012219132422
295,0,295,403,33.775419999999997,-84.358720000000005,0,0,200.000000000000000,294,295,,,,,,,,,,,,,,,,,,,,0.012471091050134,0.000012223123215
296,0,296,405,33.746989999999997,-84.396929999999998,1,0,200.000000000000000,295,296,,,,,,,,,,,,,,,,,,,,0.012468781125183,0.000012219144889
297,0,297,408,33.729329999999997,-84.415850000000006,0,1,200.000000000000000,296,297,,,,,,,,,,,,,,,,,,,,0.012467347708069,0.000012216675713
298,0,298,409,33.773049999999998,-84.417370000000005,0,1,200.000000000000000,297,298,,,,,,,,,,,,,,,,,,,,0.012470898258809,0.000012222791050
299,0,299,410,33.781509999999997,-84.393569999999997,1,0,200.000000000000000,298,299,,,,,,,,,,,,,,,,,,,,0.012471586305235,0.000012223976110
300,0,300,411,33.747320000000002,-84.306640000000002,0,0,200.000000000000000,299,300,,,,,,,,,,,,,,,,,,,,0.012468808030990,0.000012219191163
301,2,301,412,33.755470000000003,-84.372140000000002,0,0,200.000000000000000,300,301,Hope-Hill Elementary School,30,112 Boulevard NE, ,Atlanta,Georgia,30312,404,802-7450,Maureen T. Wheeler,Principal,13121,Elementary School,Fulton,Geocode,2017-06-29T00:00:00.000Z, ,{CFF5A6F4-BF68-4F52-B1FF-2265B09535E5},2017-06-29T14:54:26.000Z,0.012469469439812,0.000012220330170
302,0,302,413,33.779530000000001,-84.384209999999996,0,0,200.000000000000000,301,302,,,,,,,,,,,,,,,,,,,,0.012471425103022,0.000012223698485
303,0,303,416,33.758450000000003,-84.349189999999993,1,0,200.000000000000000,302,303,,,,,,,,,,,,,,,,,,,,0.012469711967156,0.000012220748011
304,0,304,417,33.741920000000000,-84.391159999999999,0,0,200.000000000000000,303,304,,,,,,,,,,,,,,,,,,,,0.012468369482292,0.000012218435906
305,0,305,418,33.794699999999999,-84.431889999999996,0,1,200.000000000000000,304,305,,,,,,,,,,,,,,,,,,,,0.012472659803369,0.000012225824998
306,1,306,419,33.767820000000000,-84.349010000000007,0,0,200.000000000000000,305,306,Light of the World Christian Academy,0,542 Moreland Ave SE, ,Atlanta,Georgia,30307,404,635-1199, , , ,Private School,FULTON, , , ,{EFA939E8-E86C-42DC-905D-F2CAB34CAF73},2016-02-23T15:24:17.000Z,0.012470473219845,0.000012222059072
307,0,307,420,33.702359999999999,-84.476159999999993,0,0,200.000000000000000,306,307,,,,,,,,,,,,,,,,,,,,0.012465161858920,0.000012212910776
308,0,308,421,33.831499999999998,-84.385459999999995,0,0,200.000000000000000,307,308,,,,,,,,,,,,,,,,,,,,0.012475657463043,0.000012230986846
309,0,309,422,33.764200000000002,-84.382069999999999,1,0,200.000000000000000,308,309,,,,,,,,,,,,,,,,,,,,0.012470179277478,0.000012221552897
310,0,310,423,33.748950000000001,-84.398039999999995,1,0,200.000000000000000,309,310,,,,,,,,,,,,,,,,,,,,0.012468940154252,0.000012219418715
311,1,311,427,33.756610000000002,-84.355509999999995,0,1,200.000000000000000,310,311,New School (The),20,1015 Edgewood Avenue NE, ,Atlanta,Georgia,30307,404,500-9753, ,Principal,13121,Private School,Fulton,GPS,2012-01-24T00:00:00.000Z, ,{77588184-FB02-4BE6-9F14-9A0730B32616},2016-02-16T15:44:58.000Z,0.012469562347565,0.000012220490273
312,0,312,428,33.758400000000002,-84.384219999999999,1,0,200.000000000000000,311,312,,,,,,,,,,,,,,,,,,,,0.012469707673722,0.000012220740650
313,0,313,429,33.698189999999997,-84.483289999999997,0,0,200.000000000000000,312,313,,,,,,,,,,,,,,,,,,,,0.012464823877450,0.000012212328514
314,0,314,430,33.786630000000002,-84.390420000000006,1,1,200.000000000000000,313,314,,,,,,,,,,,,,,,,,,,,0.012472002760905,0.000012224693175
315,0,315,432,33.752640000000000,-84.384159999999994,1,0,200.000000000000000,314,315,,,,,,,,,,,,,,,,,,,,0.012469239844706,0.000012219934771
316,0,316,434,33.789659999999998,-84.398759999999996,1,0,200.000000000000000,315,316,,,,,,,,,,,,,,,,,,,,0.012472249043233,0.000012225117443
317,0,317,435,33.755429999999997,-84.349199999999996,1,0,200.000000000000000,316,317,,,,,,,,,,,,,,,,,,,,0.012469466075209,0.000012220324413
318,1,318,436,33.781750000000002,-84.363510000000005,0,1,200.000000000000000,317,318,Inman Middle School,31,774 Virginia Ave NE, ,Atlanta,Georgia,30306,404,802-3200,Betsy Bockman,Principal,13121,Middle School,Fulton,Photo,2017-06-28T00:00:00.000Z, ,{FB024E94-E6FC-4408-B838-DE2598EBB680},2017-06-28T19:15:44.000Z,0.012471606018479,0.000012224010175
319,0,319,437,33.759709999999998,-84.389070000000004,1,0,200.000000000000000,318,319,,,,,,,,,,,,,,,,,,,,0.012469814016993,0.000012220923825
320,0,320,440,33.773119999999999,-84.403180000000006,0,1,200.000000000000000,319,320,,,,,,,,,,,,,,,,,,,,0.012470903844224,0.000012222800838
321,0,321,442,33.773840000000000,-84.348960000000005,0,0,200.000000000000000,320,321,,,,,,,,,,,,,,,,,,,,0.012470962757290,0.000012222902295
322,0,322,444,33.682870000000001,-84.506360000000001,0,0,200.000000000000000,321,322,,,,,,,,,,,,,,,,,,,,0.012463583931348,0.000012210192546
323,0,323,446,33.786479999999997,-84.378140000000002,0,0,200.000000000000000,322,323,,,,,,,,,,,,,,,,,,,,0.012471990566405,0.000012224672394
324,0,324,448,33.740139999999997,-84.345370000000003,0,0,200.000000000000000,323,324,,,,,,,,,,,,,,,,,,,,0.012468224994135,0.000012218186855
325,0,325,450,33.771129999999999,-84.367699999999999,0,0,200.000000000000000,324,325,,,,,,,,,,,,,,,,,,,,0.012470742019842,0.000012222522029
326,0,326,451,33.759270000000001,-84.389439999999993,1,0,200.000000000000000,325,326,,,,,,,,,,,,,,,,,,,,0.012469778497283,0.000012220862632
327,0,327,453,33.791660000000000,-84.374219999999994,0,0,200.000000000000000,326,327,,,,,,,,,,,,,,,,,,,,0.012472412209556,0.000012225398644
328,0,328,454,33.781509999999997,-84.399150000000006,0,0,200.000000000000000,327,328,,,,,,,,,,,,,,,,,,,,0.012471586348397,0.000012223976129
329,0,329,455,33.788400000000003,-84.436589999999995,0,1,200.000000000000000,328,329,,,,,,,,,,,,,,,,,,,,0.012472146881189,0.000012224941562
330,0,330,456,33.765839999999997,-84.511070000000004,0,0,200.000000000000000,329,330,,,,,,,,,,,,,,,,,,,,0.012470312076037,0.000012221781618
331,0,331,457,33.790410000000001,-84.412049999999994,0,1,200.000000000000000,330,331,,,,,,,,,,,,,,,,,,,,0.012472310362169,0.000012225222994
332,0,332,458,33.753700000000002,-84.390270000000001,1,0,200.000000000000000,331,332,,,,,,,,,,,,,,,,,,,,0.012469325909382,0.000012220083068
333,0,333,459,33.759659999999997,-84.382189999999994,1,0,200.000000000000000,332,333,,,,,,,,,,,,,,,,,,,,0.012469810177615,0.000012220917152
334,0,334,460,33.753549999999997,-84.349209999999999,0,0,200.000000000000000,333,334,,,,,,,,,,,,,,,,,,,,0.012469313694695,0.000012220062047
335,0,335,462,33.778820000000003,-84.409750000000003,0,1,200.000000000000000,334,335,,,,,,,,,,,,,,,,,,,,0.012471367468827,0.000012223599153
336,0,336,464,33.749440000000000,-84.396039999999999,1,0,200.000000000000000,335,336,,,,,,,,,,,,,,,,,,,,0.012468980080065,0.000012219487494
337,0,337,465,33.760159999999999,-84.349119999999999,1,0,200.000000000000000,336,337,,,,,,,,,,,,,,,,,,,,0.012469850577696,0.000012220986671
338,0,338,467,33.771120000000003,-84.365830000000003,0,0,200.000000000000000,337,338,,,,,,,,,,,,,,,,,,,,0.012470741491879,0.000012222521178
339,0,339,469,33.762110000000000,-84.332980000000006,0,1,200.000000000000000,338,339,,,,,,,,,,,,,,,,,,,,0.012470009335504,0.000012221260351
340,0,340,471,33.755549999999999,-84.382249999999999,1,0,200.000000000000000,339,340,,,,,,,,,,,,,,,,,,,,0.012469476114618,0.000012220341696
341,0,341,472,33.739820000000002,-84.300430000000006,0,0,200.000000000000000,340,341,,,,,,,,,,,,,,,,,,,,0.012468198947723,0.000012218142180
342,0,342,475,33.760899999999999,-84.382159999999999,1,0,200.000000000000000,341,342,,,,,,,,,,,,,,,,,,,,0.012469910838893,0.000012221090452
343,0,343,477,33.763330000000003,-84.389009999999999,1,0,200.000000000000000,342,343,,,,,,,,,,,,,,,,,,,,0.012470108435157,0.000012221431002
344,0,344,479,33.653179999999999,-84.396950000000004,0,1,200.000000000000000,343,344,,,,,,,,,,,,,,,,,,,,0.012461183132940,0.000012206056507
345,0,345,480,33.651890000000002,-84.394310000000004,0,1,200.000000000000000,344,345,,,,,,,,,,,,,,,,,,,,0.012461079141053,0.000012205877353
346,0,346,483,33.725949999999997,-84.322580000000002,0,0,200.000000000000000,345,346,,,,,,,,,,,,,,,,,,,,0.012467073454423,0.000012216203371
347,0,347,484,33.761510000000001,-84.331029999999998,0,1,200.000000000000000,346,347,,,,,,,,,,,,,,,,,,,,0.012469960337743,0.000012221175692
348,0,348,485,33.763730000000002,-84.391990000000007,1,0,200.000000000000000,347,348,,,,,,,,,,,,,,,,,,,,0.012470140677389,0.000012221486269
349,0,349,487,33.740049999999997,-84.309680000000000,0,0,200.000000000000000,348,349,,,,,,,,,,,,,,,,,,,,0.012468217756057,0.000012218174569
350,0,350,489,33.787830000000000,-84.494420000000005,0,1,200.000000000000000,349,350,,,,,,,,,,,,,,,,,,,,0.012472100369100,0.000012224861458
351,0,351,490,33.772579999999998,-84.380260000000007,0,0,200.000000000000000,350,351,,,,,,,,,,,,,,,,,,,,0.012470860258426,0.000012222725770
352,0,352,491,33.739019999999996,-84.432389999999998,0,1,200.000000000000000,351,352,,,,,,,,,,,,,,,,,,,,0.012468134195380,0.000012218030455
353,0,353,492,33.771180000000001,-84.371769999999998,0,0,200.000000000000000,352,353,,,,,,,,,,,,,,,,,,,,0.012470746381593,0.000012222529746
354,0,354,493,33.825820000000000,-84.367149999999995,0,1,200.000000000000000,353,354,,,,,,,,,,,,,,,,,,,,0.012475194531376,0.000012230189878
355,0,355,494,33.743560000000002,-84.403980000000004,0,1,200.000000000000000,354,355,,,,,,,,,,,,,,,,,,,,0.012468502740769,0.000012218665477
356,0,356,495,33.744419999999998,-84.393370000000004,0,0,200.000000000000000,355,356,,,,,,,,,,,,,,,,,,,,0.012468572330153,0.000012218785209
357,0,357,496,33.777569999999997,-84.388779999999997,0,0,200.000000000000000,356,357,,,,,,,,,,,,,,,,,,,,0.012471265477405,0.000012223423532
358,0,358,497,33.790849999999999,-84.496870000000001,0,1,200.000000000000000,357,358,,,,,,,,,,,,,,,,,,,,0.012472346249003,0.000012225284910
359,0,359,498,33.744320000000002,-84.408420000000007,0,1,200.000000000000000,358,359,,,,,,,,,,,,,,,,,,,,0.012468564294720,0.000012218771418
360,0,360,499,33.835000000000001,-84.407420000000002,0,0,200.000000000000000,359,360,,,,,,,,,,,,,,,,,,,,0.012475943096576,0.000012231478871
361,0,361,500,33.781540000000000,-84.391610000000000,1,0,200.000000000000000,360,361,,,,,,,,,,,,,,,,,,,,0.012471588945653,0.000012223980826
362,0,362,501,33.781550000000003,-84.404200000000003,0,0,200.000000000000000,361,362,,,,,,,,,,,,,,,,,,,,0.012471589772939,0.000012223982219
363,0,363,502,33.758420000000001,-84.386080000000007,1,0,200.000000000000000,362,363,,,,,,,,,,,,,,,,,,,,0.012469708987539,0.000012220742889
364,0,364,504,33.755789999999998,-84.468660000000000,1,0,200.000000000000000,363,364,,,,,,,,,,,,,,,,,,,,0.012469496212663,0.000012220376639
365,0,365,505,33.773829999999997,-84.352509999999995,0,0,200.000000000000000,364,365,,,,,,,,,,,,,,,,,,,,0.012470961943507,0.000012222900832
366,0,366,507,33.759680000000003,-84.386060000000001,1,0,200.000000000000000,365,366,,,,,,,,,,,,,,,,,,,,0.012469811835491,0.000012220920029
367,0,367,508,33.758960000000002,-84.394319999999993,1,0,200.000000000000000,366,367,,,,,,,,,,,,,,,,,,,,0.012469753057134,0.000012220818794
368,0,368,509,33.764859999999999,-84.339420000000004,0,0,200.000000000000000,367,368,,,,,,,,,,,,,,,,,,,,0.012470232638906,0.000012221644881
369,1,369,510,33.790819999999997,-84.367109999999997,0,0,200.000000000000000,368,369,Hillside Conant School,0,690 Courtenay Drive, ,Atlanta,Georgia,30306,404,875-4451,Christina Kennedy,Principal,13121, ,Fulton,PHoto,2017-06-28T00:00:00.000Z, ,{7EF1791C-CDDD-4DFB-9B7C-AD40A0C51928},2017-06-28T18:44:52.000Z,0.012472343843719,0.000012225280815
370,0,370,511,33.750549999999997,-84.395169999999993,1,0,200.000000000000000,369,370,,,,,,,,,,,,,,,,,,,,0.012469070320804,0.000012219642957
371,0,371,512,33.673560000000002,-84.497150000000005,0,0,200.000000000000000,370,371,,,,,,,,,,,,,,,,,,,,0.012462830712012,0.000012208894821
372,0,372,514,33.781500000000001,-84.387799999999999,0,0,200.000000000000000,371,372,,,,,,,,,,,,,,,,,,,,0.012471585645056,0.000012223975072
373,1,373,515,33.757689999999997,-84.374330000000000,0,0,200.000000000000000,372,373,Hope-Hill Elementary School,30,112 Boulevard NE, ,Atlanta,Georgia,30312,404,802-7450,Maureen T. Wheeler,Principal,13121,Elementary School,Fulton,Geocode,2017-06-29T00:00:00.000Z, ,{CFF5A6F4-BF68-4F52-B1FF-2265B09535E5},2017-06-29T14:54:26.000Z,0.012469650164215,0.000012220641652
374,0,374,517,33.779499999999999,-84.372810000000001,0,0,200.000000000000000,373,374,,,,,,,,,,,,,,,,,,,,0.012471423030061,0.000012223694938
375,0,375,518,33.746940000000002,-84.392799999999994,1,0,200.000000000000000,374,375,,,,,,,,,,,,,,,,,,,,0.012468776934007,0.000012219137631
376,0,376,519,33.776550000000000,-84.457179999999994,0,0,200.000000000000000,375,376,,,,,,,,,,,,,,,,,,,,0.012471183004489,0.000012223281652
377,0,377,520,33.757100000000001,-84.382230000000007,1,0,200.000000000000000,376,377,,,,,,,,,,,,,,,,,,,,0.012469601794908,0.000012220558130