FID,Row_Labels,Average_of,Average__1,Comm,industry
0,0,42.291739999999997,-71.077179999999998,0,1
1,3,42.343840000000000,-71.061179999999993,0,1
2,7,42.356510000000000,-71.061980000000005,0,0
3,8,42.349089999999997,-71.157079999999993,1,0
4,10,42.346960000000003,-71.092399999999998,1,0
5,11,42.290810000000000,-71.089179999999999,1,0
6,13,42.350459999999998,-71.042810000000003,1,1
7,14,42.333340000000000,-71.063360000000003,0,1
8,15,42.287860000000002,-71.171520000000001,0,0
9,16,42.361229999999999,-71.063749999999999,1,0
10,17,42.297300000000000,-71.056539999999998,0,1
11,18,42.345129999999997,-71.040379999999999,1,1
12,19,42.344310000000000,-71.090779999999995,0,0
13,20,42.338949999999997,-71.092439999999996,1,0
14,22,42.338270000000001,-71.106160000000003,1,0
15,25,42.348709999999997,-71.071730000000002,1,0
16,27,42.349919999999997,-71.086219999999997,1,0
17,28,42.346269999999997,-71.042169999999999,0,1
18,29,42.248550000000002,-71.126959999999997,0,0
19,31,42.349089999999997,-71.094989999999996,1,0
20,32,42.348570000000002,-71.140150000000006,1,0
21,33,42.346359999999997,-71.090950000000007,0,0
22,35,42.271529999999998,-71.172650000000004,1,0
23,36,42.331229999999998,-71.076960000000000,0,1
24,38,42.329450000000001,-71.035200000000003,0,0
25,39,42.352260000000001,-71.075990000000004,1,0
26,40,42.358190000000000,-71.154709999999994,1,1
27,42,42.346310000000003,-71.048349999999999,0,1
28,45,42.321629999999999,-71.092020000000005,0,0
29,47,42.296810000000001,-71.132919999999999,0,0
30,48,42.309049999999999,-71.120800000000003,0,0
31,49,42.325240000000001,-71.074950000000001,1,0
32,51,42.350220000000000,-71.091809999999995,0,0
33,52,42.300719999999998,-71.049310000000006,1,0
34,54,42.301380000000002,-71.112440000000007,1,1
35,57,42.340310000000002,-71.109930000000006,0,0
36,58,42.313609999999997,-71.046790000000001,0,0
37,60,42.331600000000002,-71.053139999999999,1,1
38,63,42.306249999999999,-71.067009999999996,1,0
39,64,42.328029999999998,-71.056920000000005,1,1
40,65,42.344560000000001,-71.097819999999999,1,0
41,66,42.336880000000001,-71.078720000000004,0,0
42,69,42.289879999999997,-71.118170000000006,0,0
43,70,42.354810000000001,-71.149950000000004,1,0
44,73,42.333779999999997,-71.105620000000002,1,0
45,74,42.318579999999997,-71.056730000000002,0,0
46,75,42.325960000000002,-71.083389999999994,0,0
47,76,42.340089999999996,-71.166139999999999,1,0
48,77,42.336060000000003,-71.091329999999999,0,0
49,78,42.334240000000001,-71.072460000000007,0,0
50,79,42.352379999999997,-71.062590000000000,0,0
51,80,42.328029999999998,-71.067899999999995,0,1
52,81,42.344009999999997,-71.103470000000002,1,0
53,82,42.340789999999998,-71.070710000000005,0,0
54,83,42.354770000000002,-71.051429999999996,1,1
55,85,42.362769999999998,-71.057509999999994,1,0
56,86,42.346899999999998,-71.065870000000004,0,0
57,87,42.292850000000001,-71.096239999999995,0,0
58,88,42.273699999999998,-71.070089999999993,1,0
59,89,42.334960000000002,-71.071460000000002,0,0
60,90,42.346339999999998,-71.063190000000006,0,0
61,91,42.293100000000003,-71.149379999999994,0,0
62,94,42.318700000000000,-71.044719999999998,1,0
63,96,42.296070000000000,-71.061369999999997,0,0
64,98,42.335000000000001,-71.088579999999993,0,0
65,99,42.307310000000001,-71.119510000000005,0,0
66,100,42.290210000000002,-71.071820000000002,1,0
67,103,42.351059999999997,-71.168620000000004,1,0
68,104,42.337389999999999,-71.083889999999997,0,0
69,106,42.318820000000002,-71.095309999999998,0,0
70,110,42.360660000000003,-71.129230000000007,0,0
71,113,42.337699999999998,-71.095590000000001,1,0
72,114,42.336179999999999,-71.149349999999998,1,0
73,116,42.379989999999999,-71.025400000000005,1,0
74,117,42.341410000000003,-71.107519999999994,0,0
75,118,42.333199999999998,-71.109459999999999,1,0
76,119,42.377710000000000,-71.026110000000003,0,0
77,121,42.340190000000000,-71.063069999999996,0,1
78,122,42.291200000000003,-71.089140000000000,1,0
79,123,42.351039999999998,-71.043940000000006,1,0
80,124,42.350430000000003,-71.072659999999999,1,0
81,125,42.351149999999997,-71.085099999999997,0,0
82,126,42.368879999999997,-71.039749999999998,1,0
83,128,42.348720000000000,-71.059430000000006,0,0
84,129,42.278250000000000,-71.160120000000006,1,0
85,130,42.338639999999998,-71.149270000000001,0,0
86,131,42.309150000000002,-71.073949999999996,0,1
87,132,42.332619999999999,-71.072159999999997,0,1
88,133,42.357160000000000,-71.065089999999998,0,0
89,135,42.350360000000002,-71.048460000000006,0,1
90,136,42.331420000000001,-71.094480000000004,1,1
91,138,42.287269999999999,-71.150049999999993,1,0
92,140,42.335970000000003,-71.150850000000005,1,0
93,141,42.332039999999999,-71.084040000000002,0,0
94,142,42.267620000000001,-71.150149999999996,0,0
95,143,42.353490000000001,-71.071489999999997,1,0
96,145,42.339050000000000,-71.057130000000001,1,1
97,148,42.284260000000003,-71.091459999999998,1,0
98,149,42.271349999999998,-71.073610000000002,1,0
99,150,42.350510000000000,-71.110939999999999,1,0
100,155,42.319569999999999,-71.081440000000001,1,0
101,156,42.282389999999999,-71.114919999999998,1,0
102,157,42.351770000000002,-71.045509999999993,1,1
103,159,42.303300000000000,-71.103759999999994,0,0
104,162,42.333770000000001,-71.082549999999998,0,0
105,164,42.347520000000003,-71.040710000000004,0,1
106,165,42.292050000000003,-71.047529999999995,1,0
107,166,42.364789999999999,-71.135459999999995,1,0
108,167,42.278149999999997,-71.121530000000007,0,0
109,168,42.359529999999999,-71.052430000000001,0,0
110,169,42.279949999999999,-71.118910000000000,1,0
111,170,42.339219999999997,-71.050380000000004,0,0
112,171,42.335470000000001,-71.045509999999993,0,0
113,173,42.275250000000000,-71.140649999999994,1,0
114,174,42.335479999999997,-71.044269999999997,0,0
115,175,42.315420000000003,-71.056680000000000,1,0
116,176,42.350340000000003,-71.084699999999998,1,0
117,177,42.328170000000000,-71.097059999999999,0,1
118,178,42.352100000000000,-71.124920000000003,1,0
119,179,42.355629999999998,-71.055689999999998,1,0
120,180,42.330309999999997,-71.084050000000005,0,0
121,182,42.332909999999998,-71.092370000000003,0,1
122,184,42.297120000000000,-71.132220000000004,0,0
123,186,42.283220000000000,-71.051940000000002,1,0
124,187,42.348779999999998,-71.134230000000002,1,0
125,190,42.340930000000000,-71.077299999999994,0,0
126,192,42.349170000000001,-71.092849999999999,0,0
127,193,42.292999999999999,-71.094660000000005,0,0
128,194,42.352629999999998,-71.055400000000006,1,0
129,196,42.348889999999997,-71.060299999999998,0,0
130,197,42.332819999999998,-71.051100000000005,1,0
131,198,42.307650000000002,-71.115499999999997,1,0
132,199,42.350850000000001,-71.089479999999995,1,0
133,202,42.295079999999999,-71.093019999999996,0,0
134,204,42.322809999999997,-71.100579999999994,1,0
135,205,42.350499999999997,-71.068659999999994,1,0
136,209,42.343829999999997,-71.071860000000001,0,0
137,210,42.306690000000003,-71.087410000000006,0,0
138,212,42.357160000000000,-71.051640000000006,1,0
139,213,42.298299999999998,-71.115840000000006,1,0
140,215,42.294499999999999,-71.088139999999996,1,0
141,216,42.348999999999997,-71.150530000000003,1,0
142,217,42.349280000000000,-71.088719999999995,1,0
143,219,42.350009999999997,-71.106570000000005,0,1
144,220,42.357019999999999,-71.069869999999995,1,0
145,221,42.337840000000000,-71.056960000000004,0,1
146,227,42.290109999999999,-71.048460000000006,0,0
147,228,42.310459999999999,-71.106999999999999,1,1
148,230,42.365470000000002,-71.064639999999997,0,0
149,231,42.358020000000003,-71.161879999999996,0,0
150,233,42.306649999999998,-71.115250000000003,1,0
151,234,42.287669999999999,-71.146510000000006,1,0
152,235,42.350090000000002,-71.077349999999996,1,0
153,236,42.322580000000002,-71.098460000000003,1,1
154,237,42.329479999999997,-71.085909999999998,0,0
155,238,42.275840000000002,-71.167079999999999,1,0
156,239,42.372410000000002,-71.064949999999996,1,0
157,240,42.320580000000000,-71.050089999999997,1,1
158,242,42.353290000000001,-71.134410000000003,1,0
159,243,42.326110000000000,-71.105230000000006,0,1
160,245,42.346550000000001,-71.087370000000007,1,0
161,246,42.272520000000000,-71.069429999999997,1,0
162,247,42.300809999999998,-71.127179999999996,0,0
163,250,42.261620000000001,-71.122169999999997,1,1
164,251,42.324359999999999,-71.052300000000002,0,0
165,253,42.336250000000000,-71.053880000000007,0,1
166,255,42.349080000000001,-71.049469999999999,0,1
167,257,42.280909999999999,-71.092550000000003,1,0
168,258,42.338110000000000,-71.153310000000005,1,0
169,259,42.331470000000003,-71.035259999999994,0,0
170,262,42.317030000000003,-71.104879999999994,0,0
171,266,42.273319999999998,-71.093639999999994,1,0
172,267,42.332960000000000,-71.101320000000001,1,0
173,268,42.279370000000000,-71.093090000000004,1,0
174,269,42.285989999999998,-71.147779999999997,1,0
175,270,42.279550000000000,-71.135540000000006,1,0
176,272,42.348360000000000,-71.083730000000003,1,0
177,274,42.357579999999999,-71.056410000000000,1,0
178,275,42.358789999999999,-71.070719999999994,1,0
179,276,42.309680000000000,-71.115480000000005,1,0
180,277,42.347059999999999,-71.062970000000007,0,0
181,278,42.318579999999997,-71.116470000000007,0,0
182,279,42.350059999999999,-71.089100000000002,1,0
183,280,42.347250000000003,-71.073539999999994,1,0
184,281,42.331969999999998,-71.081689999999995,0,0
185,282,42.340089999999996,-71.161180000000002,0,0
186,283,42.347980000000000,-71.068029999999993,1,0
187,284,42.355469999999997,-71.072460000000007,0,0
188,285,42.332059999999998,-71.079350000000005,0,1
189,286,42.300330000000002,-71.066230000000004,1,0
190,287,42.341360000000002,-71.069640000000007,0,0
191,288,42.351469999999999,-71.080460000000002,1,0
192,289,42.318249999999999,-71.101249999999993,0,1
193,290,42.348840000000003,-71.097219999999993,1,0
194,291,42.335830000000001,-71.107460000000003,0,0
195,292,42.349119999999999,-71.039599999999993,1,1
196,295,42.349460000000001,-71.132750000000001,1,0
197,299,42.359630000000003,-71.051800000000000,0,0
198,301,42.292810000000003,-71.050659999999993,1,0
199,302,42.295520000000003,-71.072119999999998,1,0
200,303,42.335439999999998,-71.090249999999997,0,0
201,304,42.343750000000000,-71.142880000000005,1,0
202,306,42.285480000000000,-71.080399999999997,0,0
203,307,42.299939999999999,-71.113560000000007,1,0
204,309,42.340589999999999,-71.081729999999993,1,0
205,310,42.344360000000002,-71.082970000000003,0,0
206,313,42.299759999999999,-71.060310000000001,1,0
207,315,42.316969999999998,-71.039699999999996,0,0
208,317,42.282339999999998,-71.099630000000005,0,0
209,318,42.337780000000002,-71.105140000000006,1,0
210,319,42.361130000000003,-71.066000000000003,1,0
211,320,42.313229999999997,-71.114099999999993,1,0
212,321,42.318269999999998,-71.090999999999994,0,0
213,323,42.355440000000002,-71.146240000000006,0,1
214,324,42.339660000000002,-71.074600000000004,0,0
215,325,42.343190000000000,-71.078530000000001,0,0
216,326,42.283729999999998,-71.156970000000001,1,0
217,329,42.312600000000003,-71.122169999999997,0,0
218,330,42.351250000000000,-71.073059999999998,1,0
219,331,42.356980000000000,-71.152289999999994,0,1
220,332,42.351019999999998,-71.066890000000001,1,0
221,333,42.361559999999997,-71.055179999999993,0,0
222,335,42.352780000000003,-71.130189999999999,1,0
223,336,42.341020000000000,-71.035589999999999,0,1
224,337,42.330520000000000,-71.070030000000003,0,1
225,338,42.332850000000001,-71.074359999999999,0,1
226,340,42.293300000000002,-71.071860000000001,1,0
227,341,42.277799999999999,-71.091049999999996,0,0
228,343,42.354480000000002,-71.059139999999999,1,0
229,344,42.324019999999997,-71.082780000000000,0,0
230,348,42.341600000000000,-71.057130000000001,0,1
231,350,42.352370000000001,-71.064560000000000,0,0
232,351,42.337960000000002,-71.108310000000003,1,0
233,352,42.298240000000000,-71.057050000000004,0,1
234,353,42.274340000000002,-71.109189999999998,0,0
235,354,42.340350000000001,-71.151240000000001,1,0
236,355,42.328609999999998,-71.082750000000004,0,0
237,356,42.271320000000003,-71.104740000000007,0,0
238,357,42.282660000000000,-71.055769999999995,1,0
239,358,42.291159999999998,-71.075190000000006,0,0
240,359,42.271210000000004,-71.092410000000001,1,0
241,362,42.345880000000001,-71.141300000000001,0,0
242,363,42.347310000000000,-71.075909999999993,1,0
243,364,42.334479999999999,-71.089460000000003,0,0
244,365,42.352849999999997,-71.073849999999993,1,0
245,366,42.352670000000003,-71.071079999999995,1,0
246,367,42.348979999999997,-71.097179999999994,1,0
247,368,42.337359999999997,-71.078040000000001,0,0
248,371,42.339309999999998,-71.080359999999999,0,0
249,372,42.341639999999998,-71.083250000000007,1,0
250,374,42.349020000000003,-71.091589999999997,0,0
251,375,42.358840000000001,-71.056960000000004,1,0
252,376,42.359020000000001,-71.147660000000002,1,0
253,377,42.301909999999999,-71.085660000000004,1,0
254,379,42.262909999999998,-71.155420000000007,1,0
255,384,42.348920000000000,-71.160439999999994,1,0
256,385,42.318469999999998,-71.044079999999994,1,0
257,386,42.357450000000000,-71.148300000000006,1,1
258,388,42.346229999999998,-71.070610000000002,1,0
259,389,42.314610000000002,-71.099480000000000,1,0
260,390,42.288390000000000,-71.135419999999996,1,0
261,391,42.307580000000002,-71.058419999999998,1,1
262,397,42.283420000000000,-71.131379999999993,0,0
263,398,42.317110000000000,-71.056709999999995,0,0
264,401,42.348599999999998,-71.106890000000007,0,1
265,403,42.344389999999997,-71.053110000000004,0,1
266,405,42.347000000000001,-71.079669999999993,0,0
267,406,42.359040000000000,-71.123230000000007,0,0
268,407,42.335799999999999,-71.065889999999996,0,1
269,408,42.308390000000003,-71.083209999999994,1,0
270,411,42.318379999999998,-71.098309999999998,1,1
271,414,42.308100000000003,-71.058319999999995,1,1
272,415,42.355530000000002,-71.132760000000005,1,1
273,418,42.380710000000001,-71.023520000000005,1,1
274,419,42.308079999999997,-71.065029999999993,1,0
275,420,42.267499999999998,-71.094189999999998,1,0
276,421,42.356749999999998,-71.057320000000004,1,0
277,422,42.308810000000001,-71.118039999999993,0,0
278,423,42.353670000000001,-71.053629999999998,1,1
279,424,42.353020000000001,-71.056079999999994,1,0
280,427,42.277949999999997,-71.053719999999998,0,0
281,429,42.355499999999999,-71.056529999999995,1,0
282,432,42.352370000000001,-71.052279999999996,1,1
283,435,42.330280000000002,-71.047399999999996,0,0
284,437,42.343359999999997,-71.085780000000000,1,0
285,438,42.305399999999999,-71.080510000000004,0,0
286,439,42.357419999999998,-71.058340000000001,1,0
287,441,42.348410000000001,-71.064139999999995,0,0
288,443,42.242719999999998,-71.126329999999996,1,0
289,444,42.346240000000002,-71.135589999999993,0,0
290,445,42.330640000000002,-71.088269999999994,0,0
291,446,42.317340000000002,-71.098290000000006,1,0
292,447,42.273899999999998,-71.067620000000005,1,0
293,448,42.345379999999999,-71.081760000000003,0,0
294,450,42.288910000000001,-71.134159999999994,1,0
295,451,42.300849999999997,-71.075940000000003,1,0
296,452,42.352209999999999,-71.124080000000006,1,0
297,453,42.345550000000003,-71.042990000000003,0,1
298,454,42.327660000000002,-71.095680000000002,0,0
299,455,42.288249999999998,-71.144570000000002,0,0
300,456,42.296880000000002,-71.066990000000004,0,0
301,459,42.360300000000002,-71.057060000000007,0,0
302,460,42.341749999999998,-71.145870000000002,1,0
303,461,42.345950000000002,-71.061269999999993,1,1
304,462,42.335439999999998,-71.064830000000001,0,1
305,463,42.295929999999998,-71.092290000000006,0,0
306,464,42.321460000000002,-71.119619999999998,0,0
307,465,42.357709999999997,-71.063239999999993,0,0
308,466,42.357779999999998,-71.070279999999997,1,0
309,469,42.308259999999997,-71.075130000000001,0,1
310,470,42.352510000000002,-71.067509999999999,0,0
311,471,42.268689999999999,-71.093750000000000,1,0
312,472,42.347290000000001,-71.087739999999997,1,0
313,473,42.350459999999998,-71.060879999999997,0,0
314,474,42.306300000000000,-71.124189999999999,0,0
315,475,42.358649999999997,-71.160899999999998,0,0
316,476,42.357340000000001,-71.128100000000003,1,0
317,478,42.263910000000003,-71.154340000000005,0,0
318,480,42.311300000000003,-71.070120000000003,0,0
319,481,42.349980000000002,-71.084530000000001,1,0
320,482,42.341830000000002,-71.055520000000001,0,1
321,484,42.273470000000003,-71.129440000000002,0,0
322,485,42.261270000000003,-71.157039999999995,1,0
323,486,42.309379999999997,-71.082700000000003,1,0
324,488,42.335880000000003,-71.100200000000001,0,0
325,490,42.252580000000002,-71.118279999999999,1,0
326,491,42.361390000000000,-71.070849999999993,1,0
327,493,42.300220000000003,-71.104699999999994,0,0
328,495,42.278950000000002,-71.054180000000002,0,0
329,497,42.287219999999998,-71.090459999999993,1,0
330,498,42.355190000000000,-71.051969999999997,1,1
331,499,42.307519999999997,-71.076009999999997,0,1
332,501,42.300130000000003,-71.127870000000001,0,0
333,502,42.294919999999998,-71.087919999999997,1,0
334,503,42.332310000000000,-71.071240000000003,0,1
335,505,42.277220000000000,-71.093480000000000,1,0
336,508,42.290570000000002,-71.168189999999996,0,0
337,509,42.366399999999999,-71.051400000000001,0,0
338,511,42.272219999999997,-71.067999999999998,1,0
339,512,42.350310000000000,-71.079880000000003,1,0
340,514,42.320000000000000,-71.088499999999996,0,0
341,518,42.342860000000002,-71.054289999999995,0,1
342,519,42.327959999999997,-71.083060000000003,0,0
343,521,42.271340000000002,-71.082490000000007,0,0
344,522,42.312959999999997,-71.057209999999998,1,0
345,523,42.340400000000002,-71.073430000000002,0,0
346,524,42.358669999999996,-71.052180000000007,0,0
347,525,42.354089999999999,-71.058620000000005,1,0
348,526,42.279049999999998,-71.116709999999998,0,0
349,527,42.301540000000003,-71.059799999999996,1,0
350,528,42.317970000000003,-71.082030000000003,1,0
351,532,42.308360000000000,-71.122569999999996,0,0
352,533,42.303390000000000,-71.078530000000001,1,0
353,534,42.342199999999998,-71.084069999999997,1,0
354,535,42.353209999999997,-71.074029999999993,1,0
355,537,42.353859999999997,-71.062190000000001,0,0
356,538,42.343710000000002,-71.051429999999996,0,1
357,540,42.300989999999999,-71.114559999999997,1,0
358,541,42.334949999999999,-71.075140000000005,0,1
359,544,42.308880000000002,-71.102450000000005,0,0
360,545,42.343960000000003,-71.089910000000003,0,0
361,547,42.342829999999999,-71.073759999999993,0,0
362,549,42.351540000000000,-71.062809999999999,0,0
363,553,42.347980000000000,-71.045379999999994,0,1
364,557,42.350459999999998,-71.128020000000006,1,0
365,558,42.313330000000001,-71.095089999999999,0,0
366,560,42.354810000000001,-71.074809999999999,0,0
367,562,42.293660000000003,-71.062089999999998,0,0
368,563,42.343600000000002,-71.091130000000007,0,0
369,564,42.312399999999997,-71.101640000000003,0,1
370,565,42.369790000000002,-71.025549999999996,0,0
371,566,42.282879999999999,-71.157309999999995,1,0
372,567,42.347799999999999,-71.078630000000004,1,0
373,568,42.278070000000000,-71.123609999999999,0,0
374,569,42.312700000000000,-71.068430000000006,0,0
375,570,42.280799999999999,-71.084450000000004,1,0
376,573,42.359870000000001,-71.057040000000001,0,0
377,574,42.360930000000003,-71.052800000000005,1,0
378,576,42.341650000000001,-71.148529999999994,0,0
379,577,42.320010000000003,-71.059690000000003,1,0
380,579,42.316369999999999,-71.082899999999995,0,0
381,580,42.376539999999999,-71.065809999999999,1,0
382,582,42.351120000000002,-71.115780000000001,1,0
383,583,42.342750000000002,-71.103260000000006,1,0
384,585,42.321019999999997,-71.116569999999996,0,0
385,586,42.318590000000000,-71.063509999999994,1,0
386,588,42.341470000000001,-71.086510000000004,1,0
387,589,42.280360000000002,-71.054730000000006,0,0
388,591,42.356070000000003,-71.054890000000000,1,0
389,593,42.358860000000000,-71.147509999999997,1,1
390,594,42.344470000000001,-71.063940000000002,0,0
391,596,42.342030000000001,-71.087329999999994,1,0
392,597,42.295630000000003,-71.157640000000001,1,0
393,598,42.354050000000001,-71.052869999999999,1,1
394,599,42.293379999999999,-71.162549999999996,0,0
395,600,42.356020000000001,-71.069410000000005,1,0
396,601,42.353230000000003,-71.056870000000004,1,0
397,603,42.283360000000002,-71.049289999999999,1,0
398,604,42.352049999999998,-71.073459999999997,1,0
399,606,42.350850000000001,-71.113799999999998,1,0
400,607,42.310929999999999,-71.114590000000007,1,0
401,608,42.314120000000003,-71.046869999999998,0,0
402,609,42.337670000000003,-71.149839999999998,1,0
403,613,42.344299999999997,-71.074489999999997,0,0
404,614,42.273260000000001,-71.064099999999996,0,0
405,616,42.336489999999998,-71.076989999999995,0,0
406,618,42.322730000000000,-71.104879999999994,1,0
407,620,42.331049999999998,-71.080889999999997,0,1
408,621,42.356679999999997,-71.050770000000000,1,0
409,622,42.272900000000000,-71.143709999999999,0,0
410,623,42.346100000000000,-71.152450000000002,0,0
411,624,42.348909999999997,-71.088530000000006,1,0
412,625,42.298169999999999,-71.086920000000006,1,0
413,626,42.349290000000003,-71.100589999999997,1,0
414,627,42.304169999999999,-71.082380000000001,0,0
415,628,42.334780000000002,-71.084590000000006,0,0
416,629,42.324919999999999,-71.098330000000004,1,0
417,630,42.357810000000001,-71.051929999999999,0,0
418,631,42.329259999999998,-71.110929999999996,0,0
419,633,42.291429999999998,-71.057190000000006,0,0
420,634,42.334009999999999,-71.048770000000005,0,0
421,636,42.276110000000003,-71.093509999999995,1,0
422,637,42.299370000000003,-71.073639999999997,1,0
423,640,42.353110000000001,-71.048429999999996,1,1
424,643,42.349860000000000,-71.074809999999999,1,0
425,644,42.329050000000002,-71.075019999999995,0,1
426,645,42.307600000000001,-71.089070000000007,0,0
427,647,42.342399999999998,-71.140429999999995,1,0
428,648,42.340820000000001,-71.067790000000002,0,0
429,650,42.372909999999997,-71.035280000000000,0,0
430,653,42.352480000000000,-71.061419999999998,0,0
431,654,42.309579999999997,-71.073149999999998,0,1
432,655,42.353230000000003,-71.059439999999995,1,0
433,656,42.339619999999996,-71.072500000000005,0,0
434,658,42.350859999999997,-71.082750000000004,1,0
435,659,42.353420000000000,-71.057760000000002,1,0
436,660,42.320729999999998,-71.081710000000001,1,0
437,662,42.340699999999998,-71.048609999999996,0,1
438,663,42.283929999999998,-71.046750000000003,1,0
439,664,42.340170000000001,-71.068640000000002,0,0
440,667,42.326689999999999,-71.071479999999994,0,1
441,670,42.340310000000002,-71.063869999999994,0,1
442,672,42.278640000000003,-71.119180000000000,1,0
443,673,42.342599999999997,-71.153850000000006,1,0
444,675,42.323390000000003,-71.089600000000004,0,0
445,676,42.326749999999997,-71.111279999999994,0,0
446,677,42.319569999999999,-71.098360000000000,0,1
447,678,42.290849999999999,-71.089359999999999,1,0
448,679,42.348160000000000,-71.076520000000002,0,0
449,680,42.357160000000000,-71.152979999999999,0,1
450,681,42.333570000000002,-71.073409999999996,0,1
451,682,42.352539999999998,-71.140270000000001,1,0
452,684,42.340919999999997,-71.150409999999994,1,0
453,686,42.341110000000000,-71.056349999999995,0,1
454,688,42.351120000000002,-71.080280000000002,1,0
455,689,42.290070000000000,-71.045550000000006,1,0
456,690,42.349930000000001,-71.092870000000005,0,0
457,693,42.330329999999996,-71.044110000000003,0,0
458,698,42.350369999999998,-71.109549999999999,0,0
459,699,42.346620000000001,-71.064589999999995,0,0
460,700,42.333759999999998,-71.064610000000002,0,1
461,701,42.344119999999997,-71.104200000000006,1,0
462,702,42.355629999999998,-71.153580000000005,0,1
463,704,42.351909999999997,-71.070689999999999,1,0
464,705,42.331780000000002,-71.097160000000002,1,1
465,707,42.319560000000003,-71.070670000000007,0,0
466,708,42.336309999999997,-71.110029999999995,1,0
467,709,42.329569999999997,-71.060910000000007,1,1
468,712,42.324390000000001,-71.114660000000001,0,0
469,715,42.339599999999997,-71.049930000000003,0,0
470,717,42.252220000000001,-71.130949999999999,1,1
471,718,42.363199999999999,-71.129750000000001,1,0
472,719,42.349539999999998,-71.057060000000007,0,0
473,720,42.346480000000000,-71.090829999999997,0,0
474,721,42.349660000000000,-71.103639999999999,0,1
475,722,42.323650000000001,-71.052180000000007,0,1
476,723,42.351840000000003,-71.170890000000000,0,0
477,726,42.338590000000003,-71.048360000000002,0,0
478,727,42.341369999999998,-71.047830000000005,0,1
479,730,42.360160000000000,-71.136600000000001,1,1
480,731,42.296799999999998,-71.078469999999996,0,0
481,732,42.277900000000002,-71.066500000000005,0,0
482,733,42.255620000000000,-71.125590000000003,1,0
483,735,42.267659999999999,-71.093789999999998,1,0
484,737,42.336709999999997,-71.098100000000002,1,0
485,738,42.332070000000002,-71.071449999999999,0,1
486,739,42.320430000000002,-71.077749999999995,0,0
487,740,42.314610000000002,-71.067329999999998,1,0
488,741,42.348509999999997,-71.137670000000000,1,0
489,742,42.334479999999999,-71.047780000000003,0,0
490,744,42.349229999999999,-71.045349999999999,0,0
491,745,42.347870000000000,-71.085560000000001,1,0
492,746,42.306100000000001,-71.078329999999994,0,0
493,747,42.310459999999999,-71.114819999999995,1,0
494,750,42.351439999999997,-71.118409999999997,1,0
495,753,42.295209999999997,-71.056209999999993,0,0
496,754,42.289070000000002,-71.067009999999996,1,0
497,755,42.352640000000001,-71.076170000000005,1,0
498,756,42.286670000000001,-71.064040000000006,0,0
499,757,42.358820000000001,-71.057829999999996,1,0
500,758,42.281829999999999,-71.122429999999994,0,0
501,759,42.352510000000002,-71.059399999999997,1,0
502,760,42.321449999999999,-71.054150000000007,0,1
503,764,42.296070000000000,-71.116219999999998,1,1
504,765,42.351059999999997,-71.064920000000001,0,0
505,769,42.324109999999997,-71.098550000000003,1,0
506,770,42.287700000000001,-71.106700000000004,1,0
507,773,42.354140000000001,-71.054109999999994,1,1
508,774,42.339619999999996,-71.157790000000006,0,0
509,779,42.335549999999998,-71.039950000000005,0,0
510,780,42.349159999999998,-71.080770000000001,1,0
511,783,42.299309999999998,-71.058120000000002,0,1
512,785,42.346969999999999,-71.070970000000003,1,0
513,786,42.333260000000003,-71.107069999999993,1,0
514,787,42.358449999999998,-71.158169999999998,1,0
515,788,42.316609999999997,-71.103129999999993,0,1
516,789,42.322899999999997,-71.076679999999996,0,0
517,790,42.360950000000003,-71.061279999999996,0,0
518,793,42.292040000000000,-71.047680000000000,1,0
519,795,42.309049999999999,-71.073859999999996,0,1
520,797,42.352249999999998,-71.069180000000003,0,0
521,798,42.286149999999999,-71.154880000000006,1,0
522,799,42.320729999999998,-71.056770000000000,0,0
523,800,42.349570000000000,-71.047190000000001,1,1
524,802,42.340229999999998,-71.105890000000002,0,0
525,804,42.312179999999998,-71.093549999999993,0,0
526,806,42.300919999999998,-71.112849999999995,1,1
527,807,42.326120000000003,-71.075370000000007,1,1
528,808,42.350140000000003,-71.130859999999998,1,0
529,811,42.351799999999997,-71.043379999999999,1,0
530,812,42.265140000000002,-71.099149999999995,0,0
531,813,42.301769999999998,-71.114469999999997,0,0
532,814,42.319099999999999,-71.086029999999994,0,0
533,816,42.345089999999999,-71.031829999999999,0,1
534,817,42.348599999999998,-71.075379999999996,0,0
535,820,42.313899999999997,-71.119479999999996,0,0
536,821,42.350639999999999,-71.061509999999998,0,0
537,825,42.312770000000000,-71.058880000000002,1,0
538,826,42.349170000000001,-71.084130000000002,1,0
539,827,42.353619999999999,-71.056190000000001,1,0
540,828,42.335700000000003,-71.087029999999999,0,0
541,831,42.351430000000001,-71.052859999999995,1,1
542,832,42.349800000000002,-71.148049999999998,0,0
543,834,42.349429999999998,-71.149000000000001,1,0
544,835,42.321599999999997,-71.112089999999995,1,0
545,839,42.337000000000003,-71.109290000000001,1,0
546,842,42.348080000000003,-71.069180000000003,1,0
547,843,42.353439999999999,-71.076570000000004,0,0
548,844,42.271700000000003,-71.093729999999994,1,0
549,846,42.278739999999999,-71.079840000000004,0,0
550,848,42.336970000000001,-71.093660000000000,1,0
551,849,42.296390000000002,-71.080460000000002,0,0
552,851,42.371940000000002,-71.033919999999995,0,0
553,852,42.374519999999997,-71.033420000000007,0,0
554,854,42.278829999999999,-71.069509999999994,1,0
555,855,42.276499999999999,-71.092669999999998,1,1
556,857,42.345230000000001,-71.095339999999993,1,0
557,862,42.356040000000000,-71.053210000000007,1,0
558,863,42.344970000000004,-71.065320000000000,0,0
559,864,42.336430000000000,-71.087710000000001,0,0
560,868,42.346620000000001,-71.105090000000004,1,0
561,869,42.286090000000002,-71.043340000000001,1,0
562,870,42.287649999999999,-71.093940000000003,0,0
563,872,42.332479999999997,-71.100040000000007,1,0
564,873,42.350800000000000,-71.145619999999994,0,0
565,874,42.345550000000003,-71.094340000000003,1,0
566,877,42.349510000000002,-71.079499999999996,1,0
567,880,42.295920000000002,-71.054440000000000,0,0
568,881,42.349110000000003,-71.153430000000000,1,0
569,882,42.324800000000003,-71.065179999999998,1,1
570,883,42.272680000000001,-71.107650000000007,0,0
571,885,42.349170000000001,-71.077050000000000,1,0
572,888,42.361120000000000,-71.055520000000001,0,0
573,890,42.271149999999999,-71.161839999999998,0,0
574,892,42.306489999999997,-71.107460000000003,0,1
575,894,42.311889999999998,-71.080740000000006,0,0
576,895,42.295009999999998,-71.092879999999994,0,0
577,896,42.355440000000002,-71.057339999999996,1,0
578,897,42.355240000000002,-71.054029999999997,1,0
579,898,42.330100000000002,-71.039810000000003,0,0
580,899,42.358770000000000,-71.051559999999995,0,0
581,900,42.297939999999997,-71.114890000000003,1,0
582,901,42.303410000000000,-71.071430000000007,1,0
583,902,42.354239999999997,-71.076960000000000,0,0
584,903,42.350679999999997,-71.168459999999996,1,0
585,906,42.349829999999997,-71.105029999999999,0,1
586,909,42.356299999999997,-71.069490000000002,1,0
587,911,42.285769999999999,-71.109930000000006,1,0
588,915,42.286259999999999,-71.064149999999998,0,0
589,916,42.335079999999998,-71.055269999999993,0,1
590,918,42.378779999999999,-71.052589999999995,0,0
591,919,42.317030000000003,-71.065119999999993,1,0
592,922,42.347130000000000,-71.043779999999998,0,1
593,923,42.353389999999997,-71.064229999999995,0,0
594,925,42.321710000000003,-71.081999999999994,0,0
595,927,42.339919999999999,-71.166129999999995,1,0
596,928,42.325980000000001,-71.058850000000007,1,0
597,929,42.354019999999998,-71.074420000000003,0,0
598,931,42.348610000000001,-71.065539999999999,0,0
599,932,42.315860000000001,-71.098259999999996,1,0
600,934,42.355449999999998,-71.058040000000005,1,0
601,936,42.356819999999999,-71.056330000000003,1,0
602,941,42.275919999999999,-71.125659999999996,0,0
603,942,42.272430000000000,-71.066370000000006,1,0
604,944,42.351779999999998,-71.121279999999999,1,0
605,945,42.326940000000000,-71.052289999999999,0,0
606,947,42.272900000000000,-71.170990000000003,0,0
607,949,42.356690000000000,-71.051519999999996,1,0
608,950,42.294580000000003,-71.115380000000002,0,0
609,951,42.280430000000003,-71.082660000000004,1,0
610,952,42.315579999999997,-71.117000000000004,0,0
611,953,42.360720000000001,-71.055890000000005,0,0
612,954,42.301009999999998,-71.067369999999997,1,0
613,955,42.328650000000003,-71.083449999999999,0,0
614,956,42.314610000000002,-71.078819999999993,0,0
615,958,42.265889999999999,-71.121060000000000,1,1
616,959,42.350549999999998,-71.050960000000003,1,1
617,960,42.351649999999999,-71.142889999999994,0,0
618,961,42.377079999999999,-71.057060000000007,1,0
619,963,42.343460000000000,-71.104190000000003,1,0
620,965,42.351070000000000,-71.070290000000000,1,0
621,966,42.343240000000002,-71.102540000000005,1,0
622,969,42.335630000000002,-71.035420000000002,0,0
623,972,42.278320000000001,-71.136989999999997,1,0
624,974,42.379460000000002,-71.052059999999997,0,1
625,977,42.344040000000000,-71.062070000000006,0,1
626,978,42.331690000000002,-71.067939999999993,0,0
627,980,42.348950000000002,-71.074370000000002,0,0
628,981,42.333930000000002,-71.063800000000001,0,1
629,984,42.314729999999997,-71.060019999999994,0,0
630,985,42.361240000000002,-71.062870000000004,1,0
631,986,42.354649999999999,-71.072069999999997,0,0
632,990,42.287230000000001,-71.129620000000003,1,0
633,991,42.355139999999999,-71.063360000000003,0,0
634,994,42.352400000000003,-71.154430000000005,0,0
635,995,42.329990000000002,-71.091329999999999,0,0
636,996,42.345260000000003,-71.069829999999996,0,0
637,997,42.334119999999999,-71.104810000000001,1,0
638,999,42.356169999999999,-71.149100000000004,1,1
639,1000,42.357039999999998,-71.050780000000003,1,0
640,1001,42.314610000000002,-71.088329999999999,0,0
641,1002,42.306030000000000,-71.124210000000005,0,0
642,1003,42.341560000000001,-71.154550000000000,1,0
643,1004,42.342779999999998,-71.084919999999997,1,0
644,1005,42.258740000000003,-71.117980000000003,1,0
645,1009,42.347340000000003,-71.064409999999995,0,0
646,1010,42.315829999999998,-71.087339999999998,0,0
647,1012,42.340519999999998,-71.078069999999997,0,0
648,1014,42.313260000000000,-71.089399999999998,0,0
649,1015,42.282010000000000,-71.058920000000001,0,0
650,1017,42.343950000000000,-71.065969999999993,0,0
651,1018,42.313569999999999,-71.105220000000003,0,1
652,1020,42.342860000000002,-71.057180000000002,0,1
653,1021,42.341329999999999,-71.076549999999997,0,0
654,1022,42.347490000000001,-71.068619999999996,1,0
655,1023,42.353580000000001,-71.137400000000000,1,0
656,1024,42.287529999999997,-71.152240000000006,1,0
657,1025,42.359470000000002,-71.070760000000007,1,0
658,1027,42.353000000000002,-71.132090000000005,1,0
659,1028,42.278869999999998,-71.159430000000000,1,0
660,1029,42.359250000000003,-71.059359999999998,1,0
661,1030,42.262509999999999,-71.155829999999995,1,0
662,1031,42.352649999999997,-71.057130000000001,1,0
663,1032,42.358780000000003,-71.158270000000002,1,0
664,1034,42.334890000000001,-71.088489999999993,0,0
665,1036,42.281610000000001,-71.087010000000006,1,0
666,1039,42.298650000000002,-71.060649999999995,1,0
667,1040,42.322389999999999,-71.108450000000005,1,0
668,1041,42.344310000000000,-71.067070000000001,0,0
669,1046,42.332920000000001,-71.081050000000005,0,1
670,1047,42.311190000000003,-71.108689999999996,1,0
671,1048,42.351460000000003,-71.075590000000005,1,0
672,1049,42.285600000000002,-71.090990000000005,1,0
673,1051,42.285119999999999,-71.156469999999999,1,0
674,1053,42.286250000000003,-71.042240000000007,1,0
675,1056,42.327269999999999,-71.083179999999999,0,0
676,1057,42.367170000000002,-71.065020000000004,0,0
677,1058,42.337319999999998,-71.035470000000004,0,1
678,1059,42.351100000000002,-71.059370000000001,0,0
679,1063,42.338870000000000,-71.073629999999994,0,0
680,1064,42.288240000000002,-71.055350000000004,0,0
681,1065,42.338320000000003,-71.070949999999996,0,0
682,1067,42.284520000000001,-71.071529999999996,1,0
683,1068,42.287990000000001,-71.077809999999999,1,1
684,1069,42.287480000000002,-71.165319999999994,0,0
685,1070,42.360399999999998,-71.146479999999997,1,0
686,1072,42.338140000000003,-71.035499999999999,0,1
687,1073,42.343969999999999,-71.100020000000001,1,0
688,1074,42.255839999999999,-71.124110000000002,1,0
689,1075,42.343490000000003,-71.064350000000005,0,0
690,1076,42.353850000000001,-71.071680000000001,1,0
691,1078,42.344130000000000,-71.138249999999999,0,0
692,1079,42.285699999999999,-71.064300000000003,0,0
693,1080,42.340969999999999,-71.063519999999997,0,1
694,1082,42.331029999999998,-71.089699999999993,0,0
695,1083,42.372109999999999,-71.064520000000002,1,0
696,1084,42.352060000000002,-71.078310000000002,1,0
697,1086,42.285739999999997,-71.042540000000002,1,0
698,1087,42.281260000000003,-71.097930000000005,0,0
699,1089,42.319540000000003,-71.111670000000004,1,0
700,1090,42.349950000000000,-71.058940000000007,0,0
701,1093,42.287999999999997,-71.136480000000006,0,0
702,1094,42.335920000000002,-71.070089999999993,0,0
703,1095,42.288119999999999,-71.046869999999998,0,0
704,1097,42.320799999999998,-71.093149999999994,0,0
705,1100,42.350890000000000,-71.077740000000006,1,0
706,1102,42.311860000000003,-71.125169999999997,0,0
707,1104,42.288620000000002,-71.125810000000001,1,0
708,1106,42.345089999999999,-71.139799999999994,0,0
709,1108,42.348759999999999,-71.066609999999997,0,0
710,1109,42.315510000000003,-71.040620000000004,0,0
711,1110,42.309930000000001,-71.092160000000007,0,0
712,1111,42.361010000000000,-71.117450000000005,0,0
713,1113,42.355660000000000,-71.062889999999996,0,0
714,1114,42.350920000000002,-71.063029999999998,0,0
715,1117,42.352379999999997,-71.058009999999996,0,0
716,1119,42.342820000000003,-71.061809999999994,0,1
717,1120,42.292769999999997,-71.121390000000005,1,0
718,1121,42.294440000000002,-71.135940000000005,1,0
719,1122,42.353160000000003,-71.060720000000003,1,0
720,1123,42.350430000000003,-71.056600000000003,0,0
721,1128,42.359220000000001,-71.059849999999997,1,0
722,1129,42.311639999999997,-71.114390000000000,1,0
723,1130,42.368229999999997,-71.056640000000002,1,0
724,1131,42.309440000000002,-71.104560000000006,0,1
725,1132,42.304250000000003,-71.059169999999995,1,0
726,1133,42.334820000000001,-71.065439999999995,0,1
727,1135,42.315040000000003,-71.097589999999997,1,0
728,1136,42.360540000000000,-71.053200000000004,1,0
729,1137,42.286250000000003,-71.137469999999993,1,0
730,1139,42.351909999999997,-71.124520000000004,1,0
731,1140,42.286040000000000,-71.145179999999996,1,0
732,1141,42.338920000000002,-71.107280000000003,1,0
733,1142,42.300510000000003,-71.106629999999996,1,1
734,1143,42.326940000000000,-71.052530000000004,0,0
735,1144,42.355350000000001,-71.156149999999997,0,1
736,1145,42.349049999999998,-71.158019999999993,1,0
737,1146,42.344630000000002,-71.036990000000003,0,1
738,1147,42.285670000000003,-71.128969999999995,1,0
739,1148,42.321359999999999,-71.072199999999995,0,0
740,1149,42.292430000000003,-71.079499999999996,0,1
741,1151,42.350149999999999,-71.069929999999999,1,0
742,1152,42.343020000000003,-71.062550000000002,0,1
743,1154,42.354529999999997,-71.053349999999995,1,1
744,1155,42.315089999999998,-71.097510000000000,1,0
745,1157,42.357889999999998,-71.051349999999999,0,0
746,1158,42.280679999999997,-71.158180000000002,1,0
747,1159,42.328899999999997,-71.085110000000000,0,0
748,1161,42.307420000000000,-71.082520000000002,1,0
749,1162,42.353800000000000,-71.139060000000001,1,1
750,1165,42.340449999999997,-71.088930000000005,1,0
751,1167,42.346110000000003,-71.146240000000006,0,0
752,1171,42.352870000000003,-71.078699999999998,0,0
753,1172,42.323650000000001,-71.060199999999995,1,0
754,1173,42.345860000000002,-71.075249999999997,1,0
755,1174,42.305509999999998,-71.108440000000002,0,1
756,1175,42.351640000000003,-71.151920000000004,0,0
757,1178,42.279919999999997,-71.065939999999998,0,0
758,1179,42.346040000000002,-71.106700000000004,1,0
759,1180,42.351689999999998,-71.078130000000002,1,0
760,1181,42.285490000000003,-71.118830000000003,1,0
761,1182,42.336460000000002,-71.073210000000003,0,0
762,1183,42.363990000000001,-71.051069999999996,1,0
763,1184,42.286360000000002,-71.071169999999995,1,0
764,1185,42.262599999999999,-71.108419999999995,1,0
765,1186,42.272590000000001,-71.120159999999998,0,1
766,1191,42.298119999999997,-71.062460000000002,1,0
767,1192,42.289980000000000,-71.045659999999998,1,0
768,1193,42.330710000000003,-71.063100000000006,1,0
769,1194,42.349539999999998,-71.072220000000002,0,0
770,1196,42.331650000000003,-71.096140000000005,1,1
771,1197,42.328510000000001,-71.079260000000005,0,1
772,1198,42.352110000000003,-71.057140000000004,0,0
773,1199,42.348089999999999,-71.088130000000007,1,0
774,1200,42.284489999999998,-71.125129999999999,1,0
775,1204,42.268859999999997,-71.096029999999999,1,0
776,1206,42.317050000000002,-71.086510000000004,0,0
777,1208,42.275210000000001,-71.061880000000002,0,0
778,1214,42.339680000000001,-71.090599999999995,0,0
779,1216,42.347589999999997,-71.138229999999993,0,0
780,1217,42.353250000000003,-71.062529999999995,0,0
781,1218,42.351930000000003,-71.085489999999993,0,0
782,1220,42.330080000000002,-71.069640000000007,0,1
783,1225,42.349570000000000,-71.086039999999997,1,0
784,1226,42.331229999999998,-71.074870000000004,0,1
785,1227,42.344389999999997,-71.103790000000004,1,0
786,1228,42.313189999999999,-71.083550000000002,0,0
787,1230,42.353659999999998,-71.079089999999994,0,0
788,1231,42.344909999999999,-71.100989999999996,1,0
789,1232,42.263620000000003,-71.102649999999997,0,0
790,1234,42.353059999999999,-71.081260000000000,0,0
791,1236,42.286969999999997,-71.043310000000005,1,0
792,1238,42.289969999999997,-71.063109999999995,0,0
793,1239,42.338819999999998,-71.050849999999997,0,0
794,1240,42.362180000000002,-71.062269999999998,0,0
795,1242,42.357170000000004,-71.061269999999993,0,0
796,1243,42.348869999999998,-71.038979999999995,1,1
797,1244,42.277169999999998,-71.166960000000003,1,0
798,1246,42.320619999999998,-71.086010000000002,0,0
799,1247,42.348179999999999,-71.062510000000003,0,0
800,1248,42.352449999999997,-71.083539999999999,0,0
801,1249,42.324219999999997,-71.088790000000003,0,0
802,1250,42.346969999999999,-71.041439999999994,0,1
803,1251,42.363759999999999,-71.123019999999997,0,0
804,1252,42.357579999999999,-71.057329999999993,1,0
805,1253,42.347690000000000,-71.065709999999996,0,0
806,1257,42.354500000000002,-71.142579999999995,0,1
807,1258,42.281410000000001,-71.133539999999996,1,0
808,1261,42.270280000000000,-71.120609999999999,1,1
809,1262,42.356900000000003,-71.055750000000003,1,0
810,1263,42.348750000000003,-71.085639999999998,1,0
811,1264,42.350499999999997,-71.082570000000004,1,0
812,1265,42.305909999999997,-71.114869999999996,1,0
813,1267,42.297199999999997,-71.061040000000006,0,0
814,1268,42.364109999999997,-71.118759999999995,0,0
815,1269,42.351529999999997,-71.087000000000003,0,0
816,1270,42.282029999999999,-71.071259999999995,1,0
817,1271,42.346890000000002,-71.089230000000001,1,0
818,1273,42.270249999999997,-71.098269999999999,0,0
819,1274,42.260429999999999,-71.115669999999994,0,0
820,1277,42.337490000000003,-71.071979999999996,0,0
821,1279,42.375760000000000,-71.031970000000001,0,0
822,1280,42.350169999999999,-71.147080000000003,0,0
823,1282,42.357999999999997,-71.060460000000006,1,0
824,1283,42.237229999999997,-71.131889999999999,1,1
825,1284,42.286450000000002,-71.128129999999999,1,0
826,1285,42.355440000000002,-71.072310000000002,0,0
827,1286,42.350140000000003,-71.059759999999997,0,0
828,1288,42.368630000000003,-71.123450000000005,0,0
829,1289,42.350670000000001,-71.075209999999998,1,0
830,1290,42.333720000000000,-71.057029999999997,0,1
831,1291,42.326770000000003,-71.066810000000004,1,1
832,1292,42.312620000000003,-71.122659999999996,0,0
833,1294,42.333939999999998,-71.035340000000005,0,0
834,1296,42.333860000000001,-71.039919999999995,0,0
835,1297,42.354649999999999,-71.054659999999998,1,0
836,1298,42.340420000000002,-71.155270000000002,0,0
837,1299,42.323909999999998,-71.112260000000006,0,0