FID,Row_Labels,Average_of,Average__1,comm,ind
0,0,39.970790000000001,-75.154150000000001,0,0
1,1,40.041950000000000,-75.056830000000005,1,0
2,2,39.998289999999997,-75.127340000000004,0,1
3,4,39.937019999999997,-75.175150000000002,0,0
4,5,40.040500000000002,-75.047420000000002,0,0
5,6,39.981220000000000,-75.188699999999997,0,0
6,7,39.970469999999999,-75.148970000000006,0,0
7,10,39.959710000000001,-75.197130000000001,1,0
8,11,39.968769999999999,-75.134439999999998,0,0
9,15,39.987870000000001,-75.155869999999993,0,0
10,16,39.947189999999999,-75.166470000000004,1,0
11,17,39.955900000000000,-75.167879999999997,1,0
12,19,39.998220000000003,-75.187610000000006,0,0
13,20,39.980220000000003,-75.157529999999994,0,0
14,21,39.959009999999999,-75.173940000000002,0,0
15,23,39.936000000000000,-75.146860000000004,0,0
16,24,40.003729999999997,-75.169030000000006,0,1
17,25,39.936920000000001,-75.150229999999993,0,0
18,26,40.039490000000001,-75.033429999999996,0,0
19,27,39.894509999999997,-75.229550000000003,0,1
20,29,39.968989999999998,-75.159980000000004,1,0
21,30,39.960619999999999,-75.228620000000006,1,0
22,31,39.917510000000000,-75.156139999999994,0,0
23,32,39.941540000000003,-75.163759999999996,0,0
24,33,39.956049999999998,-75.146039999999999,0,0
25,34,39.939180000000000,-75.149730000000005,0,0
26,35,39.965660000000000,-75.132270000000005,0,0
27,36,39.903449999999999,-75.243160000000003,1,0
28,37,39.967030000000001,-75.160399999999996,1,0
29,39,39.953159999999997,-75.194789999999998,0,0
30,40,40.033000000000001,-75.080190000000002,0,0
31,41,39.950940000000003,-75.152000000000001,1,0
32,43,39.985790000000001,-75.111559999999997,0,0
33,44,39.942010000000003,-75.152339999999995,0,0
34,45,39.955640000000002,-75.202269999999999,1,0
35,46,39.937849999999997,-75.174970000000002,0,1
36,47,39.958089999999999,-75.209410000000005,1,0
37,48,39.932209999999998,-75.191509999999994,1,0
38,49,39.913969999999999,-75.221509999999995,0,1
39,50,39.989800000000002,-75.250820000000004,0,0
40,52,39.982120000000002,-75.148430000000005,0,1
41,54,39.970390000000002,-75.146540000000002,0,0
42,56,39.945270000000001,-75.178579999999997,0,0
43,57,39.946489999999997,-75.237269999999995,1,0
44,58,39.941090000000003,-75.182879999999997,0,1
45,60,39.942599999999999,-75.157049999999998,0,0
46,62,39.923279999999998,-75.181719999999999,0,0
47,64,39.957749999999997,-75.219260000000006,0,0
48,65,39.967089999999999,-75.162130000000005,1,0
49,66,39.931410000000000,-75.156289999999998,0,0
50,67,39.990989999999996,-75.101600000000005,1,0
51,69,39.958080000000002,-75.165679999999995,1,0
52,73,39.943610000000000,-75.156829999999999,0,0
53,74,40.028829999999999,-75.106139999999996,0,0
54,75,39.890380000000000,-75.245000000000005,0,1
55,77,39.961069999999999,-75.234909999999999,1,0
56,78,39.902230000000003,-75.247219999999999,0,0
57,79,39.935679999999998,-75.167230000000004,0,0
58,80,39.959009999999999,-75.172010000000000,0,0
59,82,39.940890000000003,-75.181240000000003,0,1
60,84,39.924370000000003,-75.169680000000000,1,0
61,85,39.943640000000002,-75.180650000000000,0,0
62,86,39.943420000000003,-75.155270000000002,0,0
63,87,39.939920000000001,-75.149569999999997,0,0
64,89,39.937860000000001,-75.166749999999993,1,1
65,90,39.949230000000000,-75.150750000000002,1,0
66,92,39.909260000000003,-75.173140000000004,1,0
67,93,39.975279999999998,-75.206659999999999,0,0
68,95,39.956969999999998,-75.169210000000007,1,0
69,96,39.952579999999998,-75.148480000000006,1,0
70,102,39.947949999999999,-75.223320000000001,0,0
71,103,39.963790000000003,-75.219930000000005,0,0
72,105,39.989970000000000,-75.219350000000006,0,0
73,106,39.993929999999999,-75.141829999999999,0,0
74,108,39.951509999999999,-75.175590000000000,1,0
75,111,39.929259999999999,-75.168620000000004,0,0
76,112,39.913010000000000,-75.172300000000007,0,0
77,113,39.950530000000001,-75.173829999999995,1,0
78,114,39.899130000000000,-75.174830000000000,0,1
79,115,39.937410000000000,-75.163060000000002,1,1
80,116,39.944510000000001,-75.156639999999996,0,0
81,117,39.928500000000000,-75.182209999999998,0,0
82,118,39.962130000000002,-75.240729999999999,0,0
83,120,39.977690000000003,-75.161439999999999,0,0
84,121,39.889679999999998,-75.233710000000002,0,0
85,122,39.964959999999998,-75.224599999999995,0,0
86,124,39.953170000000000,-75.170010000000005,1,0
87,125,39.952759999999998,-75.158079999999998,1,0
88,126,39.971890000000002,-75.162700000000001,0,0
89,128,39.940860000000001,-75.212599999999995,0,0
90,129,39.952640000000002,-75.178150000000002,1,0
91,130,39.948779999999999,-75.174199999999999,0,0
92,133,39.933439999999997,-75.152630000000002,1,0
93,134,39.913080000000001,-75.182090000000002,1,1
94,136,39.947310000000002,-75.194909999999993,1,0
95,138,39.960220000000000,-75.173680000000004,0,0
96,139,39.944130000000001,-75.142080000000007,1,0
97,142,39.947110000000002,-75.146349999999998,1,0
98,143,39.956449999999997,-75.164469999999994,1,0
99,144,39.931620000000002,-75.157849999999996,0,0
100,145,39.928040000000003,-75.168890000000005,0,0
101,147,39.950400000000002,-75.160240000000002,1,0
102,148,39.933450000000001,-75.162279999999996,1,0
103,150,39.891939999999998,-75.241870000000006,0,0
104,151,39.934139999999999,-75.167559999999995,0,0
105,152,39.949430000000000,-75.158810000000003,1,0
106,153,39.959719999999997,-75.235190000000003,1,0
107,154,39.950550000000000,-75.148920000000004,1,0
108,155,39.934559999999998,-75.170820000000006,0,0
109,158,39.927610000000001,-75.187659999999994,0,1
110,160,39.972790000000003,-75.119669999999999,0,1
111,162,39.978900000000003,-75.159559999999999,1,0
112,163,39.958939999999998,-75.241399999999999,0,0
113,165,39.940809999999999,-75.166120000000006,0,0
114,166,39.967120000000001,-75.163740000000004,0,0
115,167,39.963200000000001,-75.146690000000007,0,0
116,169,39.962850000000003,-75.164670000000001,1,0
117,170,39.961649999999999,-75.154529999999994,0,0
118,171,39.947789999999998,-75.227649999999997,0,1
119,173,39.953569999999999,-75.173199999999994,1,0
120,174,39.943179999999998,-75.168940000000006,0,0
121,175,39.954830000000001,-75.166290000000004,1,0
122,176,39.974769999999999,-75.198329999999999,0,1
123,177,39.969580000000001,-75.173860000000005,0,0
124,178,39.995170000000002,-75.112210000000005,0,0
125,179,39.957709999999999,-75.162440000000004,1,0
126,180,39.988520000000001,-75.106340000000003,0,0
127,181,39.997509999999998,-75.121260000000007,0,1
128,182,39.929810000000003,-75.163280000000000,0,0
129,184,39.955599999999997,-75.142520000000005,0,0
130,185,39.916950000000000,-75.172330000000002,0,0
131,186,39.939109999999999,-75.194919999999996,0,1
132,187,39.942210000000003,-75.169150000000002,0,0
133,188,39.916089999999997,-75.225870000000000,0,1
134,189,39.941620000000000,-75.149190000000004,0,0
135,191,39.933239999999998,-75.189679999999996,0,0
136,192,39.955599999999997,-75.189490000000006,1,0
137,196,39.925849999999997,-75.181169999999995,0,0
138,197,40.024200000000000,-75.132999999999996,0,0
139,199,39.951270000000001,-75.173670000000001,1,0
140,200,40.023420000000002,-75.133359999999996,0,0
141,202,39.940420000000003,-75.187470000000005,0,1
142,205,39.942990000000002,-75.167379999999994,1,0
143,206,39.903790000000001,-75.173890000000000,0,0
144,207,39.975420000000000,-75.189530000000005,0,0
145,210,39.960639999999998,-75.141440000000003,0,0
146,211,39.948680000000003,-75.158969999999997,1,0
147,212,39.962290000000003,-75.197199999999995,0,0
148,214,39.902979999999999,-75.174469999999999,0,0
149,216,39.964219999999997,-75.190160000000006,0,1
150,217,39.936750000000004,-75.173599999999993,0,0
151,219,39.948169999999998,-75.142470000000003,0,0
152,220,39.929160000000003,-75.187320000000000,0,1
153,221,39.989069999999998,-75.089600000000004,1,0
154,226,39.978850000000001,-75.272279999999995,1,0
155,227,39.946550000000002,-75.180530000000005,0,0
156,229,39.918230000000001,-75.209000000000003,0,1
157,232,39.927379999999999,-75.144890000000004,0,1
158,234,39.960259999999998,-75.196879999999993,1,0
159,235,39.949339999999999,-75.164259999999999,1,0
160,236,40.024560000000001,-75.147859999999994,0,0
161,237,39.941659999999999,-75.179360000000003,0,0
162,238,39.955329999999996,-75.162890000000004,1,0
163,239,39.951140000000002,-75.178470000000004,1,0
164,240,40.026159999999997,-75.037139999999994,0,1
165,241,39.955350000000003,-75.163020000000003,1,0
166,243,39.935470000000002,-75.187579999999997,1,1
167,244,39.934310000000004,-75.150810000000007,0,0
168,245,39.999049999999997,-75.133240000000001,0,1
169,246,39.970959999999998,-75.123390000000001,0,1
170,249,40.029429999999998,-75.104169999999996,0,0
171,251,39.993969999999997,-75.130250000000004,0,0
172,252,39.935540000000003,-75.155379999999994,1,0
173,253,39.952570000000001,-75.190039999999996,0,0
174,254,39.953360000000004,-75.154719999999998,1,0
175,256,39.958710000000004,-75.155109999999993,0,0
176,259,39.947940000000003,-75.162360000000007,1,0
177,260,39.961350000000003,-75.148200000000003,0,0
178,261,39.963979999999999,-75.154020000000003,0,0
179,262,39.946970000000000,-75.154499999999999,1,0
180,263,39.991570000000003,-75.136160000000004,0,0
181,264,39.956530000000001,-75.172579999999996,1,0
182,265,39.934809999999999,-75.161990000000003,0,0
183,266,39.942779999999999,-75.165689999999998,1,0
184,269,39.944440000000000,-75.171909999999997,0,0
185,270,40.040129999999998,-75.058549999999997,1,0
186,272,39.953809999999997,-75.187470000000005,0,1
187,273,39.925510000000003,-75.159199999999998,0,0
188,274,39.910339999999998,-75.150850000000005,0,1
189,276,39.970990000000000,-75.155720000000002,1,0
190,277,39.945410000000003,-75.179739999999995,0,0
191,278,39.943190000000001,-75.161799999999999,0,0
192,279,39.942439999999998,-75.147379999999998,0,0
193,280,39.975360000000002,-75.190029999999993,0,0
194,282,39.935130000000001,-75.153859999999995,1,0
195,283,39.970199999999998,-75.145030000000006,0,0
196,287,39.957439999999998,-75.229280000000003,0,0
197,291,39.922590000000000,-75.185209999999998,1,0
198,292,39.916829999999997,-75.173060000000007,0,0
199,293,39.956000000000003,-75.217640000000003,0,0
200,294,39.970450000000000,-75.148150000000001,0,0
201,295,39.930579999999999,-75.149879999999996,0,0
202,296,40.043270000000000,-75.052229999999994,1,0
203,297,39.996910000000000,-75.141180000000006,0,1
204,301,39.945540000000001,-75.180750000000003,0,0
205,304,39.973939999999999,-75.206450000000004,0,0
206,305,39.961449999999999,-75.191119999999998,0,0
207,306,39.949669999999998,-75.142150000000001,0,0
208,309,39.954189999999997,-75.169790000000006,1,0
209,310,39.950449999999996,-75.192589999999996,0,0
210,315,39.950719999999997,-75.162800000000004,1,0
211,316,39.960819999999998,-75.232900000000001,1,1
212,318,39.973059999999997,-75.119799999999998,1,1
213,321,39.975310000000000,-75.195179999999993,0,1
214,322,39.943919999999999,-75.151920000000004,0,0
215,323,39.899270000000001,-75.175539999999998,0,0
216,324,39.932409999999997,-75.193089999999998,1,0
217,325,39.972380000000001,-75.166520000000006,0,0
218,329,39.943330000000003,-75.147189999999995,0,0
219,331,39.946980000000003,-75.164779999999993,1,0
220,332,39.950350000000000,-75.147250000000000,1,0
221,333,39.948889999999999,-75.189670000000007,0,1
222,334,40.026370000000000,-75.027810000000002,0,1
223,335,39.998699999999999,-75.166889999999995,0,0
224,337,39.950240000000001,-75.199449999999999,0,0
225,339,39.957430000000002,-75.172389999999993,0,0
226,340,39.960529999999999,-75.193910000000002,0,0
227,341,39.995970000000000,-75.133889999999994,0,0
228,342,39.931719999999999,-75.168080000000003,0,0
229,343,39.938589999999998,-75.142219999999995,0,0
230,344,39.970799999999997,-75.123019999999997,0,1
231,346,39.942140000000002,-75.145319999999998,0,0
232,347,39.960490000000000,-75.228549999999998,1,0
233,348,39.938699999999997,-75.186880000000002,0,1
234,349,39.932589999999998,-75.181319999999999,0,0
235,350,39.939480000000003,-75.179839999999999,0,1
236,352,39.955350000000003,-75.199939999999998,1,0
237,353,39.933329999999998,-75.180650000000000,0,0
238,354,39.977980000000002,-75.152580000000000,1,0
239,356,39.963870000000000,-75.172860000000000,1,0
240,358,39.917290000000001,-75.154499999999999,0,0
241,359,39.965089999999996,-75.205470000000005,0,0
242,360,39.959200000000003,-75.175539999999998,0,0
243,361,39.991849999999999,-75.138350000000003,0,0
244,363,39.933959999999999,-75.148139999999998,0,0
245,365,39.940030000000000,-75.166280000000000,0,0
246,366,39.949970000000000,-75.178730000000002,1,0
247,367,39.916150000000002,-75.166160000000005,0,0
248,369,39.970190000000002,-75.130459999999999,0,0
249,370,39.953240000000001,-75.143020000000007,0,0
250,371,40.018000000000001,-75.149299999999997,0,0
251,372,39.897550000000003,-75.252369999999999,1,0
252,373,39.951599999999999,-75.182239999999993,1,1
253,375,39.937970000000000,-75.233959999999996,0,0
254,376,39.960129999999999,-75.137200000000007,1,0
255,377,39.941350000000000,-75.162199999999999,0,0
256,380,39.944640000000000,-75.173490000000001,0,0
257,381,39.942210000000003,-75.153909999999996,0,0
258,382,39.918160000000000,-75.171040000000005,0,0
259,383,40.034269999999999,-75.074659999999994,0,0
260,385,39.895519999999998,-75.233490000000003,0,1
261,387,39.999099999999999,-75.120930000000001,0,1
262,388,39.953159999999997,-75.153139999999993,1,0
263,389,39.995060000000002,-75.163190000000000,0,1
264,390,40.018419999999999,-75.173230000000004,0,1
265,391,39.959690000000002,-75.247410000000002,0,0
266,392,40.031219999999998,-75.086690000000004,0,0
267,393,39.993670000000002,-75.139849999999996,0,0
268,395,39.964520000000000,-75.134299999999996,0,0
269,396,39.970500000000001,-75.149969999999996,0,0
270,398,40.032110000000003,-75.084249999999997,1,0
271,400,39.945979999999999,-75.184250000000006,1,0
272,404,39.896670000000000,-75.170879999999997,0,1
273,407,40.027500000000003,-75.062420000000003,0,0
274,409,39.954129999999999,-75.202579999999998,1,0
275,410,39.949950000000001,-75.169100000000000,1,0
276,412,39.957220000000000,-75.142089999999996,0,0
277,413,39.947470000000003,-75.187659999999994,0,1
278,414,40.031570000000002,-75.063260000000000,1,0
279,416,39.953840000000000,-75.200260000000000,1,0
280,417,39.930199999999999,-75.166240000000002,0,0
281,418,39.971629999999998,-75.121170000000006,0,1
282,419,39.921900000000001,-75.170230000000004,1,0
283,420,39.951659999999997,-75.170330000000007,1,0
284,421,39.933509999999998,-75.159019999999998,0,0
285,422,39.925559999999997,-75.169460000000001,1,0
286,424,39.956640000000000,-75.165989999999994,1,0
287,426,40.022930000000002,-75.148250000000004,0,0
288,427,39.961720000000000,-75.156130000000005,0,0
289,428,40.037219999999998,-75.062939999999998,1,0
290,429,40.030029999999996,-75.102950000000007,0,0
291,430,39.900030000000001,-75.250230000000002,0,0
292,431,39.939059999999998,-75.166489999999996,1,0
293,432,39.931310000000003,-75.174760000000006,0,0
294,433,39.974400000000003,-75.123390000000001,0,0
295,437,39.940820000000002,-75.172690000000003,0,0
296,438,39.998040000000003,-75.125380000000007,0,1
297,439,39.948990000000002,-75.170910000000006,1,0
298,440,39.883699999999997,-75.251469999999998,0,1
299,441,39.992719999999998,-75.145120000000006,1,0
300,442,39.967109999999998,-75.160979999999995,1,0
301,445,39.964779999999998,-75.169100000000000,0,0
302,446,39.953000000000003,-75.181889999999996,1,0
303,447,39.969960000000000,-75.143090000000001,0,0
304,448,39.973619999999997,-75.208900000000000,0,1
305,449,39.984139999999996,-75.188050000000004,0,0
306,451,39.958260000000003,-75.167280000000005,1,0
307,454,39.959890000000001,-75.193799999999996,0,0
308,455,39.950589999999998,-75.161779999999993,1,0
309,456,40.008069999999996,-75.072950000000006,0,1
310,457,39.955950000000001,-75.204780000000000,1,0
311,459,39.948419999999999,-75.166200000000003,1,0
312,460,39.961359999999999,-75.175060000000002,0,0
313,462,40.030310000000000,-75.085040000000006,0,0
314,463,39.977300000000000,-75.226950000000002,1,1
315,464,40.036819999999999,-75.040729999999996,0,0
316,465,40.035069999999997,-75.069739999999996,1,0
317,466,39.948799999999999,-75.169340000000005,1,0
318,469,39.945099999999996,-75.161389999999997,0,0
319,472,39.915480000000002,-75.176019999999994,0,0
320,473,39.934260000000002,-75.187830000000005,0,1
321,478,39.933340000000001,-75.143479999999997,0,0
322,480,39.984839999999998,-75.237240000000000,0,1
323,481,39.961829999999999,-75.157629999999997,0,0
324,482,39.957140000000003,-75.214330000000004,0,0
325,484,39.946320000000000,-75.197040000000001,1,0
326,485,39.922289999999997,-75.153450000000007,0,0
327,486,39.971200000000003,-75.157290000000003,1,0
328,488,39.993940000000002,-75.154560000000004,0,1
329,489,39.997750000000003,-75.123210000000000,0,1
330,490,39.938760000000002,-75.153059999999996,0,0
331,496,39.923650000000002,-75.179659999999998,0,0
332,499,39.972630000000002,-75.144459999999995,0,0
333,502,39.947580000000002,-75.169600000000003,0,0
334,504,39.945259999999998,-75.170109999999994,0,0
335,505,39.956710000000001,-75.198340000000002,1,0
336,506,39.950009999999999,-75.157060000000001,1,0
337,507,39.955060000000003,-75.210049999999995,0,0
338,508,39.948039999999999,-75.190629999999999,1,1
339,509,39.894460000000002,-75.246769999999998,0,0
340,510,39.944940000000003,-75.148449999999997,0,0
341,512,39.933079999999997,-75.159340000000000,0,0
342,513,39.950319999999998,-75.191689999999994,0,0
343,514,39.930740000000000,-75.180099999999996,0,0
344,515,39.961539999999999,-75.197059999999993,0,0
345,517,39.947560000000003,-75.159220000000005,1,0
346,518,39.974330000000002,-75.194800000000001,0,0
347,520,39.941580000000002,-75.142250000000004,1,0
348,521,39.956730000000000,-75.223540000000000,1,0
349,523,39.951239999999999,-75.198960000000000,0,0
350,524,39.975610000000003,-75.262810000000002,0,0
351,525,39.919390000000000,-75.170779999999993,0,0
352,527,39.946550000000002,-75.173069999999996,0,0
353,529,39.950200000000002,-75.158640000000005,1,0
354,530,39.917180000000002,-75.246309999999994,0,1
355,531,39.954580000000000,-75.181229999999999,1,1
356,532,39.957599999999999,-75.189070000000001,1,0
357,533,39.959890000000001,-75.175389999999993,0,0
358,535,39.903449999999999,-75.158429999999996,0,1
359,536,39.944830000000003,-75.175060000000002,0,0
360,537,39.949820000000003,-75.155490000000000,1,0
361,539,39.948749999999997,-75.179000000000002,0,0
362,545,39.978569999999998,-75.114769999999993,0,1
363,546,39.932929999999999,-75.167820000000006,0,0
364,547,39.953620000000001,-75.198459999999997,1,0
365,548,39.941220000000001,-75.175839999999994,0,0
366,549,39.942790000000002,-75.158640000000005,0,0
367,551,39.957259999999998,-75.152240000000006,1,0
368,552,39.936380000000000,-75.153589999999994,0,0
369,553,39.950139999999998,-75.170659999999998,1,0
370,555,39.923009999999998,-75.188659999999999,0,1
371,556,39.975180000000002,-75.188599999999994,0,0
372,558,39.960360000000001,-75.138890000000004,1,0
373,560,39.929560000000002,-75.190470000000005,0,0
374,561,40.036070000000002,-75.087860000000006,0,1
375,562,39.921199999999999,-75.193839999999994,0,1
376,563,39.913530000000002,-75.239630000000005,0,0
377,564,39.938389999999998,-75.161220000000000,0,1
378,565,39.993079999999999,-75.147890000000004,0,0
379,566,39.941020000000002,-75.167810000000003,0,0
380,567,39.951799999999999,-75.182710000000000,1,0
381,568,39.914839999999998,-75.155980000000000,1,0
382,569,39.984760000000001,-75.116669999999999,0,1
383,570,39.894629999999999,-75.236710000000002,0,1
384,571,39.952570000000001,-75.156509999999997,1,0
385,572,39.962719999999997,-75.246570000000006,0,0
386,573,39.958080000000002,-75.162360000000007,1,0
387,574,39.916829999999997,-75.171350000000004,0,0
388,575,39.958120000000001,-75.150459999999995,0,0
389,576,39.962960000000002,-75.202219999999997,0,0
390,577,39.960450000000002,-75.241079999999997,0,0
391,582,40.027780000000000,-75.098590000000002,0,0
392,583,39.924050000000001,-75.143490000000000,1,1
393,584,39.954900000000002,-75.208770000000001,0,0
394,585,39.938170000000000,-75.154790000000006,0,0
395,586,40.028970000000001,-75.100399999999993,0,0
396,587,39.939880000000002,-75.183149999999998,0,1
397,588,39.951659999999997,-75.165480000000002,1,0
398,589,39.933439999999997,-75.191239999999993,1,0
399,592,39.928150000000002,-75.160210000000006,1,0
400,593,39.959190000000000,-75.243369999999999,0,0
401,594,39.961260000000003,-75.234740000000002,1,0
402,595,40.025820000000003,-75.122129999999999,1,0
403,596,39.961430000000000,-75.149829999999994,0,0
404,597,39.937800000000003,-75.153499999999994,0,0
405,598,39.970579999999998,-75.152580000000000,0,0
406,599,39.921630000000000,-75.148340000000005,1,0
407,600,39.924129999999998,-75.245480000000001,0,0
408,602,39.946089999999998,-75.242059999999995,0,0
409,603,39.942509999999999,-75.163539999999998,0,0
410,606,39.930979999999998,-75.191770000000005,0,0
411,608,39.945059999999998,-75.168530000000004,0,0
412,609,39.963110000000000,-75.179119999999998,0,0
413,610,39.944049999999997,-75.168750000000003,0,0
414,612,39.947980000000001,-75.172759999999997,0,0
415,614,39.949629999999999,-75.160409999999999,1,0
416,616,39.944310000000002,-75.155079999999998,0,0
417,617,39.957870000000000,-75.175830000000005,0,0
418,618,39.946849999999998,-75.144409999999993,1,0
419,621,39.938850000000002,-75.174750000000003,0,1
420,624,39.951270000000001,-75.167180000000002,1,0
421,625,39.944659999999999,-75.180779999999999,0,0
422,627,39.934289999999997,-75.158869999999993,0,0
423,628,39.939120000000003,-75.191659999999999,0,1
424,629,39.997250000000001,-75.119330000000005,0,0
425,631,39.957259999999998,-75.215310000000002,0,0
426,632,39.952759999999998,-75.149929999999998,1,0
427,635,39.936489999999999,-75.148690000000002,0,0
428,638,39.958860000000001,-75.217050000000000,0,0
429,640,39.976579999999998,-75.152879999999996,0,0
430,641,39.932020000000001,-75.160910000000001,1,0
431,643,39.952530000000003,-75.170150000000007,1,0
432,644,39.948210000000003,-75.164510000000007,1,0
433,645,39.959919999999997,-75.222870000000000,1,0
434,646,39.972830000000002,-75.146079999999998,0,0
435,647,39.945110000000000,-75.141930000000002,1,0
436,648,39.963250000000002,-75.167820000000006,0,0
437,651,39.951639999999998,-75.163870000000003,1,0
438,652,39.953749999999999,-75.157870000000003,1,0
439,653,39.961329999999997,-75.236840000000001,0,1
440,654,40.030600000000000,-75.187569999999994,0,0
441,655,40.034329999999997,-75.071370000000002,1,0
442,657,39.938519999999997,-75.151499999999999,0,0
443,659,39.925500000000000,-75.188119999999998,0,1
444,661,39.962409999999998,-75.161420000000007,1,0
445,665,39.948729999999998,-75.172600000000003,0,0
446,666,39.938899999999997,-75.183359999999993,0,1
447,668,39.947319999999998,-75.179320000000004,0,0
448,671,39.913150000000002,-75.243189999999998,1,1
449,672,39.948169999999998,-75.221260000000001,0,0
450,673,39.957839999999997,-75.164180000000002,1,0
451,675,40.040450000000000,-75.065560000000005,1,0
452,676,39.960850000000001,-75.143400000000000,0,0
453,677,39.925179999999997,-75.171260000000004,1,0
454,678,39.984229999999997,-75.099029999999999,1,1
455,679,39.949849999999998,-75.205770000000001,0,0
456,680,39.967390000000002,-75.128919999999994,0,0
457,681,40.039459999999998,-75.060019999999994,0,0
458,682,39.947749999999999,-75.160809999999998,1,0
459,684,39.943539999999999,-75.246650000000002,0,0
460,685,39.959110000000003,-75.158310000000000,0,1
461,686,39.955399999999997,-75.171130000000005,1,0
462,687,39.952880000000000,-75.212180000000004,0,0
463,689,40.030119999999997,-75.035169999999994,0,0
464,692,39.960079999999998,-75.226889999999997,1,0
465,693,39.910699999999999,-75.165649999999999,0,0
466,696,39.940939999999998,-75.150850000000005,0,0
467,697,39.962499999999999,-75.173180000000002,1,0
468,698,39.954599999999999,-75.173010000000005,1,0
469,699,39.989800000000002,-75.103899999999996,1,1
470,703,39.947899999999997,-75.152670000000001,1,0
471,704,39.955570000000002,-75.180480000000003,1,1
472,708,39.938659999999999,-75.173159999999996,0,1
473,709,39.949390000000001,-75.174070000000000,0,0
474,710,39.940359999999998,-75.236609999999999,0,0
475,713,39.945700000000002,-75.195189999999997,1,1
476,714,39.960140000000003,-75.224850000000004,1,0
477,715,40.012369999999997,-75.150530000000003,0,0
478,716,39.958669999999998,-75.213880000000003,0,0
479,718,39.945340000000002,-75.151619999999994,0,0
480,719,39.980110000000003,-75.116150000000005,0,1
481,720,39.956650000000003,-75.197819999999993,1,0
482,722,39.958480000000002,-75.214050000000000,0,0
483,723,39.949919999999999,-75.143739999999994,0,0
484,724,40.035260000000001,-75.069980000000001,1,0
485,725,39.935780000000001,-75.156260000000003,0,0
486,726,39.950159999999997,-75.249369999999999,0,0
487,727,39.958840000000002,-75.206270000000004,1,0
488,729,39.949080000000002,-75.212900000000005,0,0
489,730,39.947710000000001,-75.151100000000000,1,0
490,731,39.990229999999997,-75.186729999999997,0,0
491,732,39.939290000000000,-75.178240000000002,0,1
492,734,39.933630000000001,-75.145690000000002,0,0
493,736,39.996139999999997,-75.147080000000003,0,0
494,737,39.948929999999997,-75.215010000000007,0,0
495,738,40.039540000000002,-75.060140000000004,0,0
496,740,39.969709999999999,-75.174890000000005,0,0
497,742,39.958240000000004,-75.223219999999998,1,0
498,743,39.960810000000002,-75.156329999999997,0,0
499,744,39.957140000000003,-75.151100000000000,0,0
500,745,39.946710000000003,-75.162629999999993,1,0
501,747,39.960599999999999,-75.170000000000002,1,0
502,750,39.949800000000003,-75.207149999999999,0,0
503,753,39.961990000000000,-75.240639999999999,0,0
504,754,39.987229999999997,-75.108779999999996,0,0
505,755,39.934809999999999,-75.179220000000001,0,0
506,756,39.979340000000001,-75.138760000000005,0,0
507,757,39.961799999999997,-75.240799999999993,0,0
508,762,39.949590000000001,-75.199669999999998,0,0
509,764,39.963050000000003,-75.166240000000002,0,0
510,765,40.005200000000002,-75.178730000000002,0,1
511,767,39.943379999999998,-75.163349999999994,0,0
512,771,39.962949999999999,-75.140960000000007,0,0
513,772,39.932209999999998,-75.152889999999999,0,0
514,775,39.972119999999997,-75.251440000000002,0,0
515,777,39.973250000000000,-75.212209999999999,0,1
516,778,39.994660000000003,-75.147459999999995,0,0
517,779,39.957189999999997,-75.158730000000006,1,0
518,780,40.035380000000004,-75.069609999999997,1,0
519,781,39.953490000000002,-75.139880000000005,1,0
520,782,39.950679999999998,-75.168930000000003,1,0
521,784,40.037970000000001,-75.088690000000000,0,0
522,785,39.954639999999998,-75.149510000000006,1,0
523,786,39.974679999999999,-75.199340000000007,0,1
524,787,39.940170000000002,-75.200699999999998,0,1
525,789,39.967520000000000,-75.148690000000002,0,0
526,790,39.953539999999997,-75.185280000000006,0,1
527,791,39.965159999999997,-75.160799999999995,1,0
528,793,39.978670000000001,-75.157870000000003,1,0
529,794,39.951920000000001,-75.159909999999996,1,0
530,798,39.939639999999997,-75.198120000000003,1,1
531,799,40.042400000000001,-75.226270000000000,0,0
532,802,39.960700000000003,-75.243060000000000,0,0
533,803,39.957799999999999,-75.160210000000006,1,0
534,804,39.954439999999998,-75.205100000000002,0,0
535,808,39.963099999999997,-75.189949999999996,0,1
536,812,39.933239999999998,-75.160719999999998,0,0
537,814,39.926710000000000,-75.187860000000001,0,1
538,815,39.951860000000003,-75.171920000000000,1,0
539,816,40.041829999999997,-75.192099999999996,0,0
540,817,39.944490000000002,-75.144930000000002,0,0
541,818,39.979309999999998,-75.162700000000001,0,0
542,819,39.951610000000002,-75.163979999999995,1,0
543,821,39.960030000000003,-75.192560000000000,0,0
544,823,39.910730000000001,-75.185990000000004,0,0
545,824,39.946829999999999,-75.235789999999994,0,0
546,826,40.033679999999997,-75.046790000000001,0,0
547,828,39.957670000000000,-75.174229999999994,0,0
548,829,39.924999999999997,-75.174520000000001,0,1
549,832,39.934179999999998,-75.158209999999997,0,0
550,833,39.942749999999997,-75.161900000000003,0,0
551,836,39.933390000000003,-75.181160000000006,0,0
552,838,39.961570000000002,-75.152940000000001,0,0
553,839,39.959220000000002,-75.231120000000004,0,1
554,840,39.955629999999999,-75.214640000000003,0,0
555,841,39.967230000000001,-75.168570000000003,0,0
556,842,39.959589999999999,-75.196830000000006,1,0
557,843,39.964630000000000,-75.177980000000005,0,0
558,845,39.935670000000002,-75.189149999999998,0,0
559,847,39.941420000000001,-75.147599999999997,0,0
560,848,39.992959999999997,-75.217650000000006,0,0
561,850,39.974200000000003,-75.156639999999996,0,0
562,851,39.951470000000000,-75.168769999999995,1,0
563,853,39.943230000000000,-75.177390000000003,0,0
564,855,39.953800000000001,-75.166619999999995,1,0
565,856,39.955199999999998,-75.169569999999993,1,0
566,857,39.935859999999998,-75.161760000000001,0,0
567,858,39.947820000000000,-75.193799999999996,1,0
568,859,39.949440000000003,-75.199929999999995,0,0
569,860,39.974179999999997,-75.180430000000001,0,0
570,861,40.044660000000000,-75.054659999999998,1,0
571,862,40.029049999999998,-75.105480000000000,0,0
572,863,39.944389999999999,-75.163139999999999,1,0
573,864,39.956769999999999,-75.138729999999995,1,0
574,866,39.998539999999998,-75.129260000000002,0,0
575,867,40.022370000000002,-75.078190000000006,0,0
576,868,40.039580000000001,-75.045820000000006,0,0
577,870,40.032760000000003,-75.080569999999994,0,0
578,872,39.955750000000002,-75.215630000000004,0,0
579,873,39.963630000000002,-75.170959999999994,0,0
580,874,39.972029999999997,-75.244919999999993,0,0
581,878,39.974969999999999,-75.194919999999996,0,1
582,879,39.942610000000002,-75.172309999999996,0,0
583,880,39.904020000000003,-75.239970000000000,1,1
584,883,39.905990000000003,-75.193939999999998,0,1
585,886,39.905400000000000,-75.173590000000004,0,0
586,889,40.019010000000002,-75.147149999999996,0,0
587,890,39.905980000000000,-75.193619999999996,0,1
588,892,39.954920000000001,-75.196439999999996,1,0
589,894,39.918559999999999,-75.154240000000001,0,0
590,896,39.953350000000000,-75.183740000000000,1,1
591,900,39.944699999999997,-75.158220000000000,0,0
592,902,39.954610000000002,-75.206440000000001,0,0
593,904,39.958889999999997,-75.168769999999995,1,0
594,905,39.956240000000001,-75.162750000000003,1,0
595,909,39.956240000000001,-75.147530000000003,0,0
596,910,40.020159999999997,-75.148820000000001,1,0
597,913,39.947180000000003,-75.237809999999996,0,0
598,914,39.956240000000001,-75.219579999999993,0,0
599,915,39.930090000000000,-75.175030000000007,0,0
600,916,39.951120000000003,-75.199179999999998,0,0
601,917,39.961170000000003,-75.232830000000007,1,1
602,918,39.998410000000000,-75.140850000000000,0,0
603,919,39.934609999999999,-75.180890000000005,0,0
604,920,39.948390000000003,-75.219229999999996,0,0
605,921,39.959429999999998,-75.245350000000002,0,0
606,924,39.953370000000000,-75.171589999999995,1,0
607,925,39.949199999999998,-75.163129999999995,1,0
608,926,39.961179999999999,-75.146580000000000,0,0
609,927,39.930700000000002,-75.170050000000003,0,0
610,928,40.016939999999998,-75.149529999999999,0,0
611,929,39.945329999999998,-75.241780000000006,0,0
612,930,39.961520000000000,-75.151790000000005,0,0
613,931,39.946320000000000,-75.159490000000005,0,0
614,933,40.022750000000002,-75.032870000000003,0,0
615,934,39.938459999999999,-75.171599999999998,0,1
616,935,39.959190000000000,-75.216960000000000,0,0
617,939,39.948290000000000,-75.155820000000006,1,0
618,940,39.942070000000001,-75.182670000000002,0,0
619,941,39.919730000000001,-75.188299999999998,1,0
620,942,39.951430000000002,-75.199240000000003,0,0
621,947,39.956569999999999,-75.152420000000006,1,0
622,949,39.990389999999998,-75.127039999999994,0,0
623,951,39.992339999999999,-75.142169999999993,0,1
624,954,39.955010000000001,-75.198369999999997,1,0
625,956,39.961660000000002,-75.236779999999996,0,1
626,958,39.940249999999999,-75.167980000000000,0,0
627,959,39.949249999999999,-75.211269999999999,0,0
628,961,39.930480000000003,-75.168350000000004,0,0
629,962,39.949829999999999,-75.177570000000003,0,0
630,964,39.961990000000000,-75.159300000000002,1,0
631,965,39.959989999999998,-75.225040000000007,1,0
632,966,39.997039999999998,-75.178579999999997,0,0
633,967,39.966650000000001,-75.178910000000002,0,0
634,968,39.963439999999999,-75.169390000000007,0,0
635,969,40.030540000000002,-75.103949999999998,0,0
636,970,39.951129999999999,-75.153589999999994,1,0
637,973,39.924720000000001,-75.173770000000005,0,1
638,974,39.970199999999998,-75.159710000000004,1,0
639,977,39.957389999999997,-75.160309999999996,1,0
640,978,39.973269999999999,-75.123159999999999,0,0
641,980,39.932340000000003,-75.172939999999997,0,0
642,983,39.990299999999998,-75.220309999999998,0,0
643,984,39.959310000000002,-75.159880000000001,1,1
644,986,39.954009999999997,-75.176659999999998,1,0
645,988,39.954079999999998,-75.189719999999994,0,0
646,992,39.954410000000003,-75.163160000000005,1,0
647,993,39.940109999999997,-75.184939999999997,0,1
648,994,39.945830000000001,-75.183120000000002,0,0
649,995,39.932189999999999,-75.181550000000001,1,0
650,996,39.912540000000000,-75.138170000000002,0,1
651,997,39.956409999999998,-75.208460000000002,1,0
652,999,39.931100000000001,-75.173190000000005,0,0
653,1002,39.939689999999999,-75.181500000000000,0,1
654,1004,39.975000000000001,-75.124319999999997,0,0
655,1005,39.950769999999999,-75.175749999999994,1,0
656,1006,39.985810000000001,-75.215670000000003,0,0
657,1007,39.926819999999999,-75.169150000000002,0,0
658,1008,39.957340000000002,-75.203400000000002,1,0
659,1009,39.957709999999999,-75.231440000000006,0,1
660,1011,39.961750000000002,-75.238680000000002,0,1
661,1012,39.996789999999997,-75.153940000000006,0,1
662,1013,39.961179999999999,-75.159480000000002,1,1
663,1014,39.933019999999999,-75.149450000000002,0,0
664,1019,40.028810000000000,-75.089269999999999,0,0
665,1020,39.894460000000002,-75.246769999999998,0,0
666,1021,39.956859999999999,-75.198089999999993,1,0
667,1022,39.966889999999999,-75.192130000000006,0,1
668,1024,39.962649999999996,-75.163089999999997,1,0
669,1025,39.926560000000002,-75.167199999999994,0,0
670,1027,39.951700000000002,-75.177160000000001,1,0
671,1028,39.949950000000001,-75.140870000000007,1,0
672,1029,39.991410000000002,-75.134870000000006,0,1
673,1030,39.947850000000003,-75.231099999999998,0,0
674,1031,39.962040000000002,-75.242769999999993,0,0
675,1034,39.962870000000002,-75.246729999999999,0,0
676,1038,39.959310000000002,-75.219049999999996,0,0
677,1039,39.938980000000001,-75.157839999999993,0,0
678,1040,39.955199999999998,-75.154309999999995,1,0
679,1041,39.961019999999998,-75.144990000000007,0,0
680,1046,40.011589999999998,-75.182130000000001,0,0
681,1047,39.967419999999997,-75.179699999999997,0,0
682,1050,39.942059999999998,-75.211709999999997,0,0
683,1051,39.943640000000002,-75.165490000000005,1,0
684,1052,39.978009999999998,-75.266790000000000,0,0
685,1053,39.952959999999997,-75.151539999999997,1,0
686,1055,39.891330000000004,-75.176029999999997,0,1
687,1056,40.026769999999999,-75.114630000000005,0,0
688,1058,39.904760000000003,-75.168549999999996,0,0
689,1059,40.015320000000003,-75.149879999999996,0,1
690,1060,39.941459999999999,-75.177769999999995,0,0
691,1061,40.005360000000003,-75.075940000000003,0,1
692,1064,40.017069999999997,-75.151359999999997,0,1
693,1066,39.923130000000000,-75.169960000000003,1,0
694,1067,39.957369999999997,-75.170720000000003,1,0
695,1068,39.945959999999999,-75.168329999999997,0,0
696,1069,39.967300000000002,-75.173749999999998,0,0
697,1070,39.956870000000002,-75.199629999999999,1,0
698,1071,39.952520000000000,-75.209260000000000,0,0
699,1072,40.029499999999999,-75.186179999999993,0,0
700,1075,39.942399999999999,-75.155490000000000,0,0
701,1077,40.015909999999998,-75.153850000000006,0,1
702,1078,39.973770000000002,-75.258250000000004,0,0
703,1081,39.950490000000002,-75.167349999999999,1,0
704,1082,39.934869999999997,-75.142679999999999,0,0
705,1083,39.955739999999999,-75.166190000000000,1,0
706,1084,39.926049999999996,-75.182739999999995,0,0
707,1087,40.031590000000001,-75.053380000000004,1,0
708,1089,39.946820000000002,-75.196029999999993,1,0
709,1092,39.953139999999998,-75.161230000000003,1,0
710,1095,39.956960000000002,-75.176019999999994,0,0
711,1098,39.954599999999999,-75.215869999999995,0,0
712,1099,40.033220000000000,-75.080140000000000,0,0
713,1100,39.937179999999998,-75.161479999999997,1,1
714,1101,39.943809999999999,-75.158420000000007,0,0
715,1103,39.903050000000000,-75.173940000000002,0,0
716,1104,39.950000000000003,-75.201719999999995,0,0
717,1105,39.972650000000002,-75.179140000000004,1,0
718,1106,39.956969999999998,-75.225520000000003,1,0
719,1107,39.946350000000002,-75.171490000000006,0,0
720,1108,39.942290000000000,-75.184500000000000,0,0
721,1109,39.950740000000003,-75.150390000000002,1,0
722,1110,40.003889999999998,-75.170680000000004,1,0
723,1112,39.936770000000003,-75.159949999999995,1,0
724,1113,39.990879999999997,-75.091220000000007,1,0
725,1115,40.025759999999998,-75.125370000000004,1,1
726,1116,39.938070000000003,-75.168450000000007,0,1
727,1117,39.976840000000003,-75.127399999999994,0,0
728,1119,39.962589999999999,-75.213040000000007,0,0
729,1120,39.899880000000003,-75.249920000000003,0,0
730,1122,39.933639999999997,-75.192819999999998,1,0
731,1123,40.044600000000003,-75.193100000000001,0,0
732,1125,39.887569999999997,-75.247960000000006,0,1
733,1127,39.977770000000000,-75.151009999999999,0,0
734,1128,39.910049999999998,-75.163359999999997,0,1
735,1129,39.947450000000003,-75.180329999999998,0,0
736,1130,39.980420000000002,-75.239379999999997,0,0
737,1132,39.927270000000000,-75.182479999999998,0,0
738,1133,39.964070000000000,-75.174459999999996,1,0
739,1134,39.987029999999997,-75.122360000000000,0,1
740,1136,39.967739999999999,-75.209750000000000,0,0
741,1140,39.943730000000002,-75.150350000000003,0,0
742,1141,39.970359999999999,-75.245159999999998,0,0
743,1142,40.027279999999998,-75.114189999999994,0,0
744,1143,39.957009999999997,-75.213340000000002,0,0
745,1145,39.957160000000002,-75.201949999999997,1,0
746,1147,39.944899999999997,-75.159800000000004,0,0
747,1148,39.920650000000002,-75.170509999999993,0,0
748,1149,40.025680000000001,-75.031630000000007,0,1
749,1150,39.948410000000003,-75.176259999999999,0,0
750,1152,39.946980000000003,-75.176569999999998,0,0
751,1153,39.951979999999999,-75.165229999999994,1,0
752,1154,39.914209999999997,-75.179569999999998,0,1
753,1155,39.956769999999999,-75.211359999999999,0,0
754,1156,39.975330000000000,-75.245540000000005,0,0
755,1157,39.967970000000001,-75.161940000000001,1,0
756,1158,40.028939999999999,-75.105440000000002,0,0
757,1159,39.968490000000003,-75.165059999999997,0,0
758,1160,39.894570000000002,-75.246639999999999,0,0
759,1161,39.992750000000001,-75.186160000000001,0,1
760,1162,39.929819999999999,-75.144329999999997,0,0
761,1163,39.969740000000002,-75.131770000000003,0,0
762,1164,40.007950000000001,-75.191559999999996,0,0
763,1165,39.975310000000000,-75.121120000000005,1,0
764,1166,39.907550000000001,-75.190299999999993,1,0
765,1167,39.914720000000003,-75.155060000000006,1,0
766,1168,40.024619999999999,-75.123689999999996,0,0
767,1169,39.903689999999997,-75.243240000000000,1,0
768,1172,39.967250000000000,-75.170169999999999,0,0
769,1173,40.036679999999997,-75.064220000000006,1,0
770,1175,39.955449999999999,-75.188270000000003,1,1
771,1177,39.944249999999997,-75.170330000000007,0,0
772,1178,39.953740000000003,-75.209019999999995,0,0
773,1179,39.950339999999997,-75.172240000000002,1,0
774,1180,39.892460000000000,-75.222690000000000,0,1
775,1182,39.940640000000002,-75.149400000000000,0,0
776,1183,39.951479999999997,-75.163719999999998,1,0
777,1185,39.960560000000001,-75.230840000000001,0,1
778,1186,39.972499999999997,-75.177940000000007,1,0
779,1187,39.964060000000003,-75.191599999999994,0,0
780,1190,39.989330000000002,-75.120699999999999,0,0
781,1191,39.949050000000000,-75.155649999999994,1,0
782,1192,39.984839999999998,-75.113380000000006,0,1
783,1193,39.932920000000003,-75.148719999999997,0,0
784,1194,40.021859999999997,-75.037869999999998,0,1
785,1196,39.958289999999998,-75.211050000000000,0,0
786,1198,40.025440000000003,-75.123660000000001,0,0
787,1199,39.922339999999998,-75.186940000000007,0,0
788,1203,40.029130000000002,-75.146860000000004,0,0
789,1204,39.918709999999997,-75.186040000000006,1,0
790,1205,39.957389999999997,-75.144130000000004,0,0
791,1206,39.951039999999999,-75.197280000000006,0,0
792,1207,39.905450000000002,-75.174009999999996,0,0
793,1208,39.937550000000002,-75.150080000000003,0,0
794,1209,39.952930000000002,-75.162459999999996,1,0
795,1210,39.930779999999999,-75.190219999999997,0,0
796,1212,39.939470000000000,-75.151290000000003,0,0
797,1213,39.902479999999997,-75.224840000000000,0,1
798,1215,39.957929999999998,-75.208140000000000,1,0
799,1216,39.928049999999999,-75.219359999999995,0,1
800,1217,39.939050000000002,-75.176320000000004,0,1
801,1219,39.998510000000003,-75.153549999999996,0,1
802,1221,39.949039999999997,-75.149180000000001,1,0
803,1223,39.915939999999999,-75.164519999999996,0,0
804,1224,39.933650000000000,-75.154190000000000,1,0
805,1225,39.957599999999999,-75.158640000000005,1,0
806,1227,39.980300000000000,-75.214160000000007,0,0
807,1228,39.945850000000000,-75.174830000000000,0,0
808,1229,39.981499999999997,-75.117379999999997,0,1
809,1232,39.951300000000003,-75.199439999999996,0,0
810,1233,40.022739999999999,-75.136849999999995,0,0
811,1234,39.990639999999999,-75.128969999999995,0,0
812,1236,39.915550000000003,-75.161460000000005,0,0
813,1237,39.947380000000003,-75.168019999999999,1,0
814,1239,39.966670000000001,-75.160480000000007,1,0
815,1240,39.997250000000001,-75.180189999999996,0,0
816,1241,39.957220000000000,-75.227490000000003,1,0
817,1242,39.968290000000003,-75.163489999999996,0,0
818,1243,40.018129999999999,-75.047100000000000,0,0
819,1247,39.942630000000001,-75.148960000000002,0,0
820,1248,40.014890000000001,-75.109319999999997,0,1
821,1250,39.947569999999999,-75.191320000000005,1,1
822,1252,39.956040000000002,-75.183009999999996,1,1
823,1253,39.937829999999998,-75.151650000000004,0,0
824,1254,39.955599999999997,-75.172790000000006,1,0
825,1255,39.947510000000001,-75.149510000000006,1,0
826,1256,39.904249999999998,-75.164630000000002,0,0
827,1257,39.958449999999999,-75.237449999999995,0,0
828,1258,39.931130000000003,-75.144030000000001,0,0
829,1259,39.946520000000000,-75.161079999999998,0,0
830,1262,39.951929999999997,-75.143299999999996,0,0
831,1264,40.024259999999998,-75.130570000000006,0,0
832,1265,39.975549999999998,-75.189700000000002,0,0
833,1267,39.954270000000001,-75.154510000000002,1,0
834,1268,39.921869999999998,-75.189920000000001,0,1
835,1269,40.029760000000003,-75.087540000000004,0,0
836,1270,39.946919999999999,-75.183459999999997,1,0
837,1271,40.023940000000003,-75.035420000000002,0,0
838,1273,39.990890000000000,-75.130899999999997,0,1
839,1274,39.953940000000003,-75.159440000000004,1,0
840,1277,39.969760000000001,-75.141520000000000,0,0
841,1280,39.991720000000001,-75.185620000000000,0,0
842,1283,39.948610000000002,-75.177840000000003,0,0
843,1284,39.964799999999997,-75.176980000000000,0,0
844,1285,39.946120000000001,-75.157910000000001,0,0
845,1286,39.951329999999999,-75.155159999999995,1,0
846,1287,39.995460000000001,-75.129919999999998,0,0
847,1289,39.945549999999997,-75.165080000000003,1,0
848,1290,40.026679999999999,-75.037589999999994,0,0
849,1291,40.029460000000000,-75.087000000000003,0,0
850,1292,40.026170000000000,-75.097359999999995,0,0
851,1296,39.956150000000001,-75.149140000000003,0,0
852,1297,39.908189999999998,-75.223200000000006,0,1
853,1298,39.954839999999997,-75.183279999999996,1,1
854,1299,39.973840000000003,-75.206429999999997,0,0
855,1300,39.956499999999998,-75.198059999999998,1,0
856,1301,39.948470000000000,-75.171030000000002,1,0
857,1302,39.960209999999996,-75.239109999999997,0,0
858,1303,39.945929999999997,-75.156329999999997,0,0
859,1304,39.943860000000001,-75.167190000000005,1,0
860,1305,40.026730000000001,-75.117080000000001,0,0
861,1307,39.958329999999997,-75.171120000000002,0,0
862,1308,39.952590000000001,-75.165229999999994,1,0
863,1309,39.947360000000003,-75.233630000000005,0,0
864,1311,39.958579999999998,-75.171279999999996,0,0
865,1312,39.950870000000002,-75.163929999999993,1,0
866,1313,39.975409999999997,-75.188519999999997,0,1
867,1315,39.949559999999998,-75.209260000000000,0,0
868,1318,39.992089999999997,-75.140199999999993,0,0
869,1319,39.947780000000002,-75.225399999999993,0,0
870,1325,39.947920000000003,-75.231089999999995,0,0
871,1326,39.953409999999998,-75.196759999999998,1,0
872,1327,39.937959999999997,-75.148370000000000,0,0
873,1333,39.960799999999999,-75.171580000000006,1,0
874,1334,39.982529999999997,-75.151579999999996,0,1
875,1335,39.961199999999998,-75.247079999999997,0,0
876,1336,39.925600000000003,-75.179239999999993,0,0
877,1337,39.973210000000002,-75.159059999999997,1,0
878,1338,39.907470000000004,-75.151200000000003,0,1
879,1340,39.943640000000002,-75.196439999999996,0,1
880,1343,39.955829999999999,-75.174629999999993,1,0
881,1344,39.952060000000003,-75.173509999999993,1,0
882,1346,39.946350000000002,-75.237989999999996,1,0
883,1349,39.933839999999996,-75.147279999999995,0,0
884,1350,39.946280000000002,-75.178349999999995,0,0
885,1351,39.981600000000000,-75.144450000000006,1,0
886,1352,40.024610000000003,-75.130430000000004,0,0
887,1353,39.972490000000001,-75.167420000000007,0,0
888,1354,39.957509999999999,-75.217330000000004,0,0
889,1355,39.960290000000001,-75.228690000000000,1,0
890,1356,39.951070000000001,-75.172089999999997,1,0
891,1357,39.953899999999997,-75.194630000000004,1,0
892,1358,39.962560000000003,-75.246799999999993,0,0
893,1360,39.968840000000000,-75.245469999999997,0,0
894,1362,39.947780000000002,-75.171180000000007,0,0
895,1364,39.911780000000000,-75.172560000000004,0,0
896,1366,40.036799999999999,-75.064260000000004,1,0
897,1367,39.973779999999998,-75.245249999999999,0,0
898,1368,39.952489999999997,-75.176990000000004,1,0
899,1369,39.949249999999999,-75.173000000000002,0,0
900,1372,40.031869999999998,-75.053200000000004,1,0
901,1373,39.938040000000001,-75.176530000000000,0,1
902,1374,39.971319999999999,-75.121260000000007,0,1
903,1375,39.931739999999998,-75.149330000000006,0,0
904,1377,40.005760000000002,-75.099050000000005,0,1
905,1379,39.963090000000001,-75.174689999999998,1,0
906,1380,39.959290000000003,-75.219380000000001,0,0
907,1382,39.915340000000000,-75.159829999999999,0,0
908,1383,39.908020000000000,-75.173410000000004,1,0
909,1385,39.914070000000002,-75.150009999999995,1,0
910,1386,39.955590000000001,-75.157470000000004,1,0
911,1387,40.037820000000004,-75.037989999999994,0,0
912,1388,39.991750000000003,-75.112769999999998,0,0
913,1389,39.960009999999997,-75.165300000000002,1,0
914,1390,39.958460000000002,-75.168859999999995,1,0
915,1391,39.927309999999999,-75.192560000000000,0,0
916,1392,39.953809999999997,-75.175089999999997,1,0
917,1393,40.009200000000000,-75.196899999999999,0,0
918,1394,39.967939999999999,-75.207840000000004,0,0
919,1395,39.987150000000000,-75.187399999999997,0,0
920,1399,40.043630000000000,-75.019540000000006,1,0
921,1401,39.958700000000000,-75.239419999999996,0,0
922,1403,39.947730000000000,-75.198689999999999,0,0
923,1404,39.961500000000001,-75.236710000000002,0,1
924,1407,40.023280000000000,-75.076859999999996,0,1
925,1408,39.963259999999998,-75.188500000000005,0,1
926,1409,40.007880000000000,-75.140500000000003,0,0
927,1411,39.949080000000002,-75.162120000000002,1,0
928,1412,40.027160000000002,-75.114170000000001,0,0
929,1414,39.991140000000001,-75.132890000000003,0,1
930,1416,39.929369999999999,-75.159949999999995,1,0
931,1418,39.946150000000003,-75.169920000000005,0,0
932,1419,39.915050000000001,-75.178269999999998,0,0
933,1420,39.916550000000001,-75.169240000000002,0,0
934,1422,39.950429999999997,-75.199510000000004,0,0
935,1423,39.936740000000000,-75.167000000000002,0,1
936,1424,39.950980000000001,-75.177319999999995,1,0
937,1426,39.939749999999997,-75.157669999999996,0,0
938,1427,39.909360000000000,-75.161140000000003,0,1
939,1430,39.929369999999999,-75.150239999999997,0,0
940,1431,39.942320000000002,-75.161990000000003,0,0
941,1432,39.930900000000001,-75.171610000000001,0,0
942,1433,40.025950000000002,-75.123270000000005,1,0
943,1435,39.959949999999999,-75.158130000000000,0,1
944,1437,39.952170000000002,-75.145229999999998,0,0
945,1438,39.948099999999997,-75.154259999999994,1,0
946,1440,39.986499999999999,-75.145129999999995,0,1
947,1441,39.938200000000002,-75.198650000000001,1,1
948,1442,39.957810000000002,-75.147239999999996,0,0
949,1443,39.914250000000003,-75.171890000000005,0,0
950,1444,40.002560000000003,-75.223630000000000,1,0
951,1446,39.946089999999998,-75.198459999999997,0,1
952,1447,39.957259999999998,-75.170010000000005,1,0
953,1448,39.962940000000003,-75.191389999999998,0,0
954,1449,39.978180000000002,-75.154150000000001,1,0
955,1450,39.942850000000000,-75.182500000000005,0,0
956,1451,39.903950000000002,-75.162300000000002,0,1
957,1452,40.040210000000002,-75.058679999999995,1,0
958,1454,39.976379999999999,-75.151309999999995,0,0
959,1455,39.954419999999999,-75.148089999999996,1,0
960,1456,39.965800000000002,-75.246110000000002,0,0
961,1457,39.958820000000003,-75.213970000000003,0,0
962,1459,39.998150000000003,-75.138880000000000,0,0
963,1460,39.944870000000002,-75.166970000000006,1,0
964,1461,39.958030000000001,-75.148809999999997,0,0
965,1462,39.962179999999996,-75.191249999999997,0,0
966,1463,39.956280000000000,-75.206320000000005,1,0
967,1467,39.949930000000002,-75.203460000000007,0,0
968,1468,40.018479999999997,-75.063730000000007,0,0
969,1469,39.994210000000002,-75.111369999999994,0,0
970,1471,39.959550000000000,-75.197400000000002,1,0
971,1473,39.914479999999998,-75.153160000000000,1,0
972,1475,39.960940000000001,-75.245030000000000,0,0
973,1476,39.955840000000002,-75.183290000000000,1,1
974,1477,39.901359999999997,-75.239400000000003,1,1
975,1478,40.034709999999997,-75.044790000000006,0,0
976,1479,39.953600000000002,-75.165059999999997,1,0
977,1481,39.953350000000000,-75.163330000000002,1,0
978,1482,39.957210000000003,-75.155490000000000,1,0
979,1483,39.944119999999998,-75.153490000000005,0,0
980,1484,39.952950000000001,-75.159670000000006,1,0
981,1485,39.951720000000002,-75.158310000000000,1,0
982,1487,39.973999999999997,-75.155060000000006,0,0
983,1488,39.993310000000001,-75.186030000000002,0,1
984,1489,39.946689999999997,-75.181640000000002,0,0
985,1491,39.915730000000003,-75.162880000000001,0,0
986,1492,39.954670000000000,-75.194469999999995,1,0
987,1493,39.998640000000002,-75.178240000000002,0,1
988,1494,39.930610000000001,-75.159700000000001,1,0
989,1496,39.896149999999999,-75.175849999999997,0,1
990,1499,39.948619999999998,-75.217110000000005,0,0
991,1501,39.932589999999998,-75.194659999999999,0,0
992,1505,39.945450000000001,-75.171689999999998,0,0
993,1508,39.959589999999999,-75.162019999999998,1,1
994,1509,40.031860000000002,-75.052859999999995,1,0
995,1510,39.974119999999999,-75.204319999999996,0,0
996,1511,39.945869999999999,-75.240309999999994,1,0
997,1512,39.971750000000000,-75.185820000000007,0,0
998,1513,40.032139999999998,-75.067700000000002,0,0
999,1514,39.922960000000003,-75.183440000000004,1,0
1000,1515,39.940539999999999,-75.163979999999995,0,0
1001,1517,39.955100000000002,-75.185360000000003,1,1
1002,1519,39.939380000000000,-75.161010000000005,0,0
1003,1520,39.941180000000003,-75.145669999999996,0,0
1004,1522,40.019590000000001,-75.148949999999999,0,0
1005,1523,39.981949999999998,-75.239030000000000,0,1
1006,1525,39.951529999999998,-75.156739999999999,1,0
1007,1527,39.959420000000001,-75.197119999999998,1,0
1008,1530,39.941820000000000,-75.165909999999997,0,0
1009,1534,39.954340000000002,-75.191789999999997,1,0
1010,1536,39.992199999999997,-75.099310000000003,1,0
1011,1538,40.024810000000002,-75.130650000000003,0,0
1012,1539,40.035580000000003,-75.069559999999996,1,0
1013,1540,39.960720000000002,-75.230900000000005,0,1
1014,1542,40.001429999999999,-75.081649999999996,0,1
1015,1544,39.942239999999998,-75.177599999999998,0,0
1016,1546,39.954140000000002,-75.161010000000005,1,0
1017,1547,39.932429999999997,-75.154460000000000,0,0
1018,1549,39.943429999999999,-75.178979999999996,0,0
1019,1551,39.948599999999999,-75.167760000000001,1,0
1020,1552,39.961570000000002,-75.224540000000005,0,0
1021,1553,39.941409999999998,-75.170950000000005,0,0
1022,1555,39.939760000000000,-75.164150000000006,0,1
1023,1557,39.941020000000002,-75.174279999999996,0,0
1024,1558,39.967350000000003,-75.175399999999996,0,0
1025,1559,39.956589999999998,-75.151309999999995,1,0
1026,1560,40.044930000000001,-75.231139999999996,1,0
1027,1561,39.954400000000000,-75.171360000000007,1,0
1028,1562,39.921990000000001,-75.188839999999999,0,1
1029,1563,39.937269999999998,-75.148520000000005,0,0
1030,1564,39.940429999999999,-75.169539999999998,0,0
1031,1565,39.990859999999998,-75.155220000000000,0,1
1032,1567,39.945140000000002,-75.150040000000004,0,0
1033,1568,39.998800000000003,-75.131249999999994,0,1
1034,1569,39.955260000000003,-75.211680000000001,0,0
1035,1570,39.952359999999999,-75.154929999999993,1,0
1036,1572,39.956569999999999,-75.209729999999993,1,0
1037,1573,39.973820000000003,-75.139949999999999,0,0
1038,1574,39.978879999999997,-75.118610000000004,1,0
1039,1575,39.949219999999997,-75.199529999999996,0,0
1040,1576,39.958210000000001,-75.235510000000005,0,0
1041,1577,40.029429999999998,-75.056120000000007,1,0
1042,1580,39.968499999999999,-75.175150000000002,0,0
1043,1582,39.959339999999997,-75.220960000000005,0,0
1044,1583,39.941820000000000,-75.150769999999994,0,0
1045,1584,39.979100000000003,-75.161130000000000,0,0
1046,1585,39.949550000000002,-75.165949999999995,1,0
1047,1587,39.982439999999997,-75.100989999999996,1,1
1048,1588,39.947789999999998,-75.229460000000003,0,1
1049,1589,39.956840000000000,-75.167599999999993,1,0
1050,1591,39.941929999999999,-75.158820000000006,0,0
1051,1596,39.939570000000003,-75.162589999999994,0,1
1052,1597,39.994940000000000,-75.187269999999998,0,0
1053,1600,39.929749999999999,-75.192040000000006,0,0
1054,1601,39.948169999999998,-75.174329999999998,0,0
1055,1602,39.943019999999997,-75.152119999999996,0,0
1056,1603,39.991810000000001,-75.186380000000000,0,0
1057,1604,39.958320000000001,-75.152029999999996,0,0
1058,1605,39.954200000000000,-75.146429999999995,1,0
1059,1608,39.946080000000002,-75.176760000000002,0,0
1060,1609,39.944659999999999,-75.165270000000007,1,0
1061,1610,39.977179999999997,-75.265429999999995,0,0
1062,1611,40.027580000000000,-75.099180000000004,0,0
1063,1612,39.959859999999999,-75.224909999999994,1,0
1064,1613,39.945760000000000,-75.166780000000003,1,0
1065,1614,39.957670000000000,-75.206080000000000,1,0
1066,1616,39.924720000000001,-75.159379999999999,0,0
1067,1617,39.950150000000001,-75.145679999999999,0,0
1068,1618,39.944740000000003,-75.146879999999996,0,0
1069,1619,39.924610000000001,-75.181430000000006,0,0
1070,1621,39.913370000000000,-75.165080000000003,0,0
1071,1622,39.977269999999997,-75.158180000000002,1,0
1072,1623,39.933850000000000,-75.194400000000002,0,0
1073,1624,39.948490000000000,-75.157390000000007,1,0
1074,1625,39.944200000000002,-75.161580000000001,0,0
1075,1628,39.942019999999999,-75.167590000000004,0,0
1076,1629,39.962240000000001,-75.242649999999998,0,0
1077,1631,39.974570000000000,-75.183459999999997,0,0
1078,1633,39.956780000000002,-75.155580000000000,1,0
1079,1634,39.927669999999999,-75.166060000000002,0,0
1080,1635,39.961419999999997,-75.234840000000005,1,0
1081,1636,39.962280000000000,-75.244749999999996,0,0
1082,1637,39.912030000000001,-75.150490000000005,1,0
1083,1638,39.924250000000001,-75.176299999999998,0,0
1084,1639,39.995429999999999,-75.141509999999997,0,1
1085,1640,39.920220000000000,-75.157160000000005,0,0
1086,1641,39.947319999999998,-75.147930000000002,1,0
1087,1642,39.952269999999999,-75.162390000000002,1,0
1088,1644,39.938960000000002,-75.154629999999997,0,0
1089,1645,39.987420000000000,-75.232410000000002,0,0
1090,1647,39.946739999999998,-75.174639999999997,0,0
1091,1648,39.958689999999997,-75.167169999999999,1,0
1092,1649,39.954009999999997,-75.168210000000002,1,0
1093,1652,39.927759999999999,-75.166780000000003,0,0
1094,1654,39.938270000000003,-75.170010000000005,0,1
1095,1655,39.962629999999997,-75.244680000000002,0,0
1096,1656,39.972799999999999,-75.216340000000002,0,1
1097,1657,39.943530000000003,-75.148769999999999,0,0
1098,1659,39.931829999999998,-75.159430000000000,1,0
1099,1663,39.958640000000003,-75.214140000000000,0,0
1100,1666,39.954850000000000,-75.151150000000001,1,0
1101,1667,39.948689999999999,-75.192909999999998,1,0
1102,1668,39.957470000000001,-75.169759999999997,1,0
1103,1670,39.955030000000001,-75.152730000000005,1,0
1104,1673,39.951470000000000,-75.200749999999999,0,0
1105,1674,39.924570000000003,-75.174610000000001,0,1
1106,1676,39.958430000000000,-75.171469999999999,0,0
1107,1677,39.987810000000003,-75.092070000000007,0,1
1108,1678,39.982720000000000,-75.153160000000000,0,0
1109,1679,39.955849999999998,-75.144450000000006,0,0
1110,1680,39.934100000000001,-75.149220000000000,0,0
1111,1681,39.976360000000000,-75.264070000000004,0,0
1112,1682,39.945070000000001,-75.176990000000004,0,0
1113,1684,39.949820000000003,-75.161950000000004,1,0
1114,1685,39.937600000000003,-75.164619999999999,1,1
1115,1686,39.976370000000003,-75.119759999999999,1,0
1116,1688,39.953249999999997,-75.181860000000000,1,0
1117,1689,39.902979999999999,-75.154730000000001,0,1
1118,1690,39.948979999999999,-75.227180000000004,0,0
1119,1691,39.945650000000001,-75.173270000000002,0,0
1120,1693,39.960020000000000,-75.224710000000002,1,0
1121,1694,39.929949999999998,-75.183819999999997,0,0
1122,1696,39.910600000000002,-75.172860000000000,0,0
1123,1697,39.936680000000003,-75.187309999999997,1,1
1124,1698,39.952300000000001,-75.175409999999999,1,0
1125,1700,39.958520000000000,-75.170469999999995,0,0
1126,1702,39.941160000000004,-75.160619999999994,0,0
1127,1710,39.947180000000003,-75.178160000000005,0,0
1128,1711,39.955550000000002,-75.164659999999998,1,0
1129,1713,39.962389999999999,-75.242699999999999,0,0
1130,1716,39.971469999999997,-75.159440000000004,1,0
1131,1717,39.924079999999996,-75.177949999999996,0,0
1132,1718,39.949750000000002,-75.167509999999993,1,0
1133,1719,40.030650000000001,-75.054810000000003,0,0
1134,1721,39.954470000000001,-75.156090000000006,1,0
1135,1722,39.963270000000001,-75.177120000000002,0,0
1136,1724,39.951830000000001,-75.184060000000002,1,1
1137,1727,39.971679999999999,-75.161130000000000,1,0
1138,1728,39.982970000000002,-75.101439999999997,1,0
1139,1730,39.952829999999999,-75.192099999999996,0,0
1140,1731,39.941609999999997,-75.172520000000006,0,0
1141,1732,39.957999999999998,-75.221239999999995,0,0
1142,1735,39.973860000000002,-75.177840000000003,1,0
1143,1737,39.964160000000000,-75.176209999999998,1,0
1144,1739,39.948639999999997,-75.146019999999993,1,0
1145,1740,40.035510000000002,-75.070620000000005,1,0
1146,1741,39.997320000000002,-75.089489999999998,1,1
1147,1744,39.953789999999998,-75.198750000000004,1,0
1148,1745,39.960369999999998,-75.189440000000005,0,0
1149,1746,39.948070000000001,-75.163380000000004,1,0
1150,1747,39.916930000000001,-75.216030000000003,0,1
1151,1749,39.953440000000001,-75.163910000000001,1,0
1152,1750,39.955779999999997,-75.159040000000005,1,0
1153,1752,39.997010000000003,-75.117379999999997,0,0
1154,1753,39.890050000000002,-75.175870000000003,0,0
1155,1754,39.950090000000003,-75.164100000000005,1,0
1156,1756,39.942120000000003,-75.160409999999999,0,0
1157,1757,39.970820000000003,-75.174639999999997,0,0
1158,1759,39.955010000000001,-75.167990000000003,1,0
1159,1761,39.960419999999999,-75.156409999999994,0,0
1160,1762,39.989359999999998,-75.155540000000002,0,0
1161,1763,39.995950000000001,-75.092110000000005,1,1
1162,1765,39.955500000000001,-75.213650000000001,0,0
1163,1766,39.967280000000002,-75.171340000000001,0,0
1164,1767,39.986289999999997,-75.156210000000002,0,0
1165,1768,39.938079999999999,-75.181849999999997,0,0
1166,1769,39.924939999999999,-75.172569999999993,0,1
1167,1770,39.964770000000001,-75.176689999999994,0,0
1168,1771,39.956989999999998,-75.157169999999994,1,0
1169,1772,39.963790000000003,-75.161109999999994,1,0
1170,1773,39.973399999999998,-75.167220000000000,0,0
1171,1774,39.977490000000003,-75.159850000000006,1,0
1172,1775,39.940150000000003,-75.160839999999993,0,0
1173,1776,39.957400000000000,-75.157070000000004,1,0
1174,1777,40.025350000000003,-75.122540000000001,1,0
1175,1778,39.948880000000003,-75.160570000000007,1,0
1176,1779,39.983550000000001,-75.115610000000004,0,1
1177,1784,39.926940000000002,-75.160489999999996,0,0
1178,1785,39.970660000000002,-75.173609999999996,0,0
1179,1786,40.021870000000000,-75.139719999999997,0,0
1180,1787,40.007869999999997,-75.072739999999996,0,1
1181,1788,39.944000000000003,-75.159999999999997,0,0
1182,1790,39.999830000000003,-75.219520000000003,0,0
1183,1791,39.959679999999999,-75.195750000000004,1,0
1184,1794,39.973520000000001,-75.209840000000000,0,1
1185,1796,39.980200000000004,-75.269260000000003,0,0
1186,1797,39.984710000000000,-75.156559999999999,0,0
1187,1798,39.937330000000003,-75.151759999999996,0,0
1188,1799,39.956479999999999,-75.221559999999997,0,1
1189,1801,40.039000000000001,-75.059529999999995,0,0
1190,1802,40.003180000000000,-75.152529999999999,0,0
1191,1803,39.953550000000000,-75.156289999999998,1,0
1192,1806,39.947159999999997,-75.156059999999997,1,0
1193,1808,39.975369999999998,-75.154769999999999,0,0
1194,1809,39.988669999999999,-75.187070000000006,0,0
1195,1810,39.974939999999997,-75.187889999999996,0,1
1196,1811,39.916339999999998,-75.167619999999999,0,0
1197,1812,39.993400000000001,-75.097009999999997,1,0
1198,1815,39.953780000000002,-75.142910000000001,0,0
1199,1817,39.946330000000003,-75.244029999999995,0,0
1200,1818,39.960209999999996,-75.190870000000004,0,0
1201,1819,39.949620000000003,-75.153919999999999,1,0
1202,1822,39.933039999999998,-75.188119999999998,0,1
1203,1823,39.938899999999997,-75.148160000000004,0,0
1204,1824,39.995159999999998,-75.139520000000005,0,0
1205,1826,39.975839999999998,-75.158490000000000,1,0
1206,1829,39.983210000000000,-75.156880000000001,0,0
1207,1832,39.950879999999998,-75.170500000000004,1,0
1208,1833,39.956000000000003,-75.206149999999994,1,0
1209,1834,39.959589999999999,-75.222939999999994,1,0
1210,1836,39.956180000000003,-75.194159999999997,1,0
1211,1837,39.946429999999999,-75.179509999999993,0,0
1212,1838,39.952790000000000,-75.166839999999993,1,0
1213,1840,39.947789999999998,-75.231499999999997,0,0
1214,1841,39.936360000000001,-75.158400000000000,1,0
1215,1845,39.992849999999997,-75.146090000000001,1,0
1216,1846,39.959090000000003,-75.170339999999996,0,0
1217,1847,39.961900000000000,-75.238749999999996,0,1
1218,1848,39.972439999999999,-75.259839999999997,0,0
1219,1849,39.955979999999997,-75.160610000000005,1,0
1220,1850,39.992980000000003,-75.134540000000001,0,0
1221,1851,39.948360000000001,-75.172680000000000,0,0
1222,1853,39.946840000000002,-75.182869999999994,1,0
1223,1854,39.940759999999997,-75.157449999999997,0,0
1224,1855,39.978389999999997,-75.155730000000005,0,0
1225,1857,39.985520000000001,-75.258570000000006,0,0
1226,1859,39.938569999999999,-75.156319999999994,0,0
1227,1862,39.967149999999997,-75.165350000000004,0,0
1228,1863,39.959690000000002,-75.220889999999997,0,0
1229,1864,39.958289999999998,-75.164079999999998,1,0
1230,1866,39.935949999999998,-75.156890000000004,0,0
1231,1868,39.969320000000003,-75.184740000000005,0,0
1232,1870,39.960949999999997,-75.175150000000002,0,0
1233,1871,39.957290000000000,-75.247879999999995,0,0
1234,1872,39.959479999999999,-75.233180000000004,1,0
1235,1873,39.975569999999998,-75.156340000000000,1,0
1236,1874,39.954009999999997,-75.144840000000002,0,0
1237,1875,39.997079999999997,-75.218779999999995,0,0
1238,1876,39.921610000000001,-75.190569999999994,0,1
1239,1877,39.954610000000002,-75.164850000000001,1,0
1240,1878,39.945810000000002,-75.178460000000001,0,0
1241,1879,39.948380000000000,-75.144080000000002,1,0
1242,1880,39.948839999999997,-75.147580000000005,1,0
1243,1881,39.957619999999999,-75.145709999999994,0,0
1244,1882,39.981549999999999,-75.224040000000002,0,0
1245,1884,39.947240000000001,-75.226839999999996,0,1
1246,1885,39.982520000000001,-75.230720000000005,0,1
1247,1886,39.940300000000001,-75.154330000000002,0,0
1248,1887,39.994669999999999,-75.094560000000001,1,0
1249,1888,39.921579999999999,-75.189980000000006,0,1
1250,1889,39.966140000000003,-75.168800000000005,0,0
1251,1890,39.967190000000002,-75.166989999999998,0,0
1252,1891,39.924880000000002,-75.172929999999994,0,1
1253,1893,40.000010000000003,-75.153239999999997,0,0
1254,1895,40.029339999999998,-75.189109999999999,0,0
1255,1902,39.937280000000001,-75.176699999999997,0,0
1256,1905,39.951070000000001,-75.165620000000004,1,0
1257,1906,39.934719999999999,-75.152339999999995,1,0
1258,1908,40.023200000000003,-75.137259999999998,0,0
1259,1911,39.930280000000003,-75.176609999999997,0,0
1260,1912,39.949430000000000,-75.152339999999995,1,0
1261,1913,39.987729999999999,-75.216200000000001,0,0
1262,1914,40.005789999999998,-75.075569999999999,0,1
1263,1915,39.945729999999998,-75.154769999999999,1,0
1264,1917,39.955390000000001,-75.155889999999999,1,0
1265,1918,39.958520000000000,-75.165589999999995,1,0
1266,1919,39.949240000000003,-75.157229999999998,1,0
1267,1920,39.945290000000000,-75.162940000000006,1,0
1268,1922,39.903869999999998,-75.174480000000003,0,0
1269,1923,39.956029999999998,-75.176230000000004,1,0
1270,1924,39.947360000000003,-75.157640000000001,0,0
1271,1925,39.906660000000002,-75.183359999999993,0,0
1272,1927,39.902650000000001,-75.152230000000003,0,1
1273,1928,39.956760000000003,-75.174430000000001,0,0
1274,1929,39.952109999999998,-75.162580000000005,1,0
1275,1930,39.949399999999997,-75.169210000000007,1,0
1276,1933,39.952109999999998,-75.161450000000002,1,0
1277,1935,39.963769999999997,-75.158910000000006,1,0
1278,1936,39.959960000000002,-75.237129999999993,0,1
1279,1937,39.926900000000003,-75.166970000000006,0,0
1280,1938,39.905510000000000,-75.193799999999996,0,1
1281,1940,39.955840000000002,-75.191460000000006,1,0
1282,1941,39.975569999999998,-75.125230000000002,0,0
1283,1942,39.955320000000000,-75.187119999999993,1,1
1284,1945,39.942990000000002,-75.160219999999995,0,0
1285,1946,39.974370000000000,-75.181849999999997,0,0
1286,1947,39.958730000000003,-75.227170000000001,1,0
1287,1948,39.957960000000000,-75.233490000000003,0,1
1288,1950,39.950299999999999,-75.165790000000001,1,0
1289,1951,39.940320000000000,-75.201369999999997,0,1
1290,1952,39.936880000000002,-75.188890000000001,0,0
1291,1953,39.952979999999997,-75.168440000000004,1,0
1292,1955,40.022500000000001,-75.136840000000007,0,0
1293,1956,39.978969999999997,-75.268289999999993,0,0
1294,1957,39.961889999999997,-75.141180000000006,0,0
1295,1959,39.961959999999998,-75.200140000000005,0,0
1296,1960,39.894039999999997,-75.176299999999998,0,1
1297,1963,39.954160000000002,-75.177819999999997,1,0
1298,1964,39.954839999999997,-75.217889999999997,0,0
1299,1965,39.939309999999999,-75.186750000000004,0,1
1300,1966,39.970920000000000,-75.165300000000002,0,0
1301,1967,39.945540000000001,-75.153180000000006,1,0
1302,1968,39.913550000000001,-75.221630000000005,0,1
1303,1969,39.975020000000001,-75.261359999999996,0,0
1304,1973,39.966549999999998,-75.145880000000005,0,0
1305,1974,39.958489999999998,-75.225200000000001,1,0
1306,1975,39.967320000000001,-75.245790000000000,0,0
1307,1976,39.964489999999998,-75.182280000000006,0,0
1308,1977,39.965000000000003,-75.159520000000001,1,0
1309,1978,39.958950000000002,-75.228970000000004,0,0
1310,1980,40.014629999999997,-75.156670000000005,1,1
1311,1981,40.035829999999997,-75.149860000000004,0,0
1312,1982,40.029420000000002,-75.106229999999996,0,0
1313,1983,40.031390000000002,-75.152370000000005,0,0
1314,1988,40.026550000000000,-75.114400000000003,0,0
1315,1989,39.897260000000003,-75.173800000000000,0,1
1316,1990,39.938229999999997,-75.149929999999998,0,0